match_id,team_id,name,tag
3497210298,3715574,SG e-sports team,SG
3497210298,726228,Vici Gaming,VG
3497321153,3715574,SG e-sports team,SG
3497321153,726228,Vici Gaming,VG
3497486752,2163,Team Liquid,Liquid
3497486752,543897,Mineski.E电竸,Mski.E电竸
3497644587,543897,Mineski.E电竸,Mski.E电竸
3497644587,2163,Team Liquid,Liquid
3497783131,2163,Team Liquid,Liquid
3497783131,3715574,SG e-sports team,SG
3497871676,3715574,SG e-sports team,SG
3497871676,2163,Team Liquid,Liquid
3498943075,1375614,Newbee,Newbee
3498943075,3,compLexity Gaming,coL
3499021213,1375614,Newbee,Newbee
3499021213,3,compLexity Gaming,coL
3499189988,1838315,Team Secret,Secret
3499189988,36,Natus Vincere,Na`Vi
3499317276,36,Natus Vincere,Na`Vi
3499317276,1838315,Team Secret,Secret
3499441200,36,Natus Vincere,Na`Vi
3499441200,1838315,Team Secret,Secret
3499706053,36,Natus Vincere,Na`Vi
3499706053,3,compLexity Gaming,coL
3499794356,36,Natus Vincere,Na`Vi
3499794356,3,compLexity Gaming,coL
3499877802,36,Natus Vincere,Na`Vi
3499877802,3,compLexity Gaming,coL
3500681821,543897,Mineski.E电竸,Mski.E电竸
3500681821,726228,Vici Gaming,VG
3500808603,543897,Mineski.E电竸,Mski.E电竸
3500808603,726228,Vici Gaming,VG
3500940692,1838315,Team Secret,Secret
3500940692,1375614,Newbee,Newbee
3501029072,1838315,Team Secret,Secret
3501029072,1375614,Newbee,Newbee
3501171242,543897,Mineski.E电竸,Mski.E电竸
3501171242,3715574,SG e-sports team,SG
3501298785,543897,Mineski.E电竸,Mski.E电竸
3501298785,3715574,SG e-sports team,SG
3501476143,1838315,Team Secret,Secret
3501476143,36,Natus Vincere,Na`Vi
3501629071,1838315,Team Secret,Secret
3501629071,36,Natus Vincere,Na`Vi
3503238328,543897,Mineski.E电竸,Mski.E电竸
3503238328,3,compLexity Gaming,coL
3503356454,543897,Mineski.E电竸,Mski.E电竸
3503356454,3,compLexity Gaming,coL
3503484791,543897,Mineski.E电竸,Mski.E电竸
3503484791,3,compLexity Gaming,coL
3503666230,2163,Team Liquid,Liquid
3503666230,1838315,Team Secret,Secret
3503821664,2163,Team Liquid,Liquid
3503821664,1838315,Team Secret,Secret
3504026309,2163,Team Liquid,Liquid
3504026309,543897,Mineski.E电竸,Mski.E电竸
3504143591,543897,Mineski.E电竸,Mski.E电竸
3504143591,2163,Team Liquid,Liquid
3504247873,543897,Mineski.E电竸,Mski.E电竸
3504247873,2163,Team Liquid,Liquid
3504319604,2163,Team Liquid,Liquid
3504319604,543897,Mineski.E电竸,Mski.E电竸
3510246936,5065748,Infamous,Infamous
3510246936,15,PSG.LGD,PSG.LGD
3510336243,15,PSG.LGD,PSG.LGD
3510336243,5065748,Infamous,Infamous
3510438236,1838315,Team Secret,Secret
3510438236,5051649,Immortals,IMT
3510553812,5051649,Immortals,IMT
3510553812,1838315,Team Secret,Secret
3510754649,15,PSG.LGD,PSG.LGD
3510754649,5051649,Immortals,IMT
3510863606,5051649,Immortals,IMT
3510863606,15,PSG.LGD,PSG.LGD
3510962398,15,PSG.LGD,PSG.LGD
3510962398,5051649,Immortals,IMT
3511978899,39,Evil Geniuses,EG
3511978899,5027210,VGJ Thunder,VGJ.T
3512070513,5027210,VGJ Thunder,VGJ.T
3512070513,39,Evil Geniuses,EG
3512155023,39,Evil Geniuses,EG
3512155023,5027210,VGJ Thunder,VGJ.T
3512362213,36,Natus Vincere,Na`Vi
3512362213,543897,Mineski.E电竸,Mski.E电竸
3512486544,36,Natus Vincere,Na`Vi
3512486544,543897,Mineski.E电竸,Mski.E电竸
3512659037,36,Natus Vincere,Na`Vi
3512659037,543897,Mineski.E电竸,Mski.E电竸
3512834415,39,Evil Geniuses,EG
3512834415,543897,Mineski.E电竸,Mski.E电竸
3512927755,543897,Mineski.E电竸,Mski.E电竸
3512927755,39,Evil Geniuses,EG
3513925951,1838315,Team Secret,Secret
3513925951,5065748,Infamous,Infamous
3514072083,1838315,Team Secret,Secret
3514072083,5065748,Infamous,Infamous
3514197106,5027210,VGJ Thunder,VGJ.T
3514197106,36,Natus Vincere,Na`Vi
3514295555,36,Natus Vincere,Na`Vi
3514295555,5027210,VGJ Thunder,VGJ.T
3514434560,36,Natus Vincere,Na`Vi
3514434560,5027210,VGJ Thunder,VGJ.T
3514623311,1838315,Team Secret,Secret
3514623311,5051649,Immortals,IMT
3514757987,5051649,Immortals,IMT
3514757987,1838315,Team Secret,Secret
3514905769,1838315,Team Secret,Secret
3514905769,5051649,Immortals,IMT
3515093661,39,Evil Geniuses,EG
3515093661,5027210,VGJ Thunder,VGJ.T
3515227412,5027210,VGJ Thunder,VGJ.T
3515227412,39,Evil Geniuses,EG
3516243542,5051649,Immortals,IMT
3516243542,543897,Mineski.E电竸,Mski.E电竸
3516351567,543897,Mineski.E电竸,Mski.E电竸
3516351567,5051649,Immortals,IMT
3516454982,5051649,Immortals,IMT
3516454982,543897,Mineski.E电竸,Mski.E电竸
3516590405,15,PSG.LGD,PSG.LGD
3516590405,39,Evil Geniuses,EG
3516707269,39,Evil Geniuses,EG
3516707269,15,PSG.LGD,PSG.LGD
3516949272,543897,Mineski.E电竸,Mski.E电竸
3516949272,15,PSG.LGD,PSG.LGD
3517070424,15,PSG.LGD,PSG.LGD
3517070424,543897,Mineski.E电竸,Mski.E电竸
3524002856,1375614,Newbee,Newbee
3524002856,350190,Fnatic,Fnatic
3524160050,1838315,Team Secret,Secret
3524160050,39,Evil Geniuses,EG
3524294817,2163,Team Liquid,Liquid
3524294817,3715574,SG e-sports team,SG
3524404781,1883502,Virtus.pro,VP
3524404781,2626685,KEEN GAMING,KG
3525348758,1838315,Team Secret,Secret
3525348758,1375614,Newbee,Newbee
3525446194,1838315,Team Secret,Secret
3525446194,1375614,Newbee,Newbee
3525554974,1375614,Newbee,Newbee
3525554974,1838315,Team Secret,Secret
3525706372,1883502,Virtus.pro,VP
3525706372,2163,Team Liquid,Liquid
3525840237,2163,Team Liquid,Liquid
3525840237,1883502,Virtus.pro,VP
3525994644,1883502,Virtus.pro,VP
3525994644,2163,Team Liquid,Liquid
3526144076,39,Evil Geniuses,EG
3526144076,350190,Fnatic,Fnatic
3526248657,350190,Fnatic,Fnatic
3526248657,39,Evil Geniuses,EG
3527298693,2626685,KEEN GAMING,KG
3527298693,3715574,SG e-sports team,SG
3527440319,2626685,KEEN GAMING,KG
3527440319,3715574,SG e-sports team,SG
3527626946,2626685,KEEN GAMING,KG
3527626946,3715574,SG e-sports team,SG
3527818741,39,Evil Geniuses,EG
3527818741,1375614,Newbee,Newbee
3527949029,39,Evil Geniuses,EG
3527949029,1375614,Newbee,Newbee
3528123483,39,Evil Geniuses,EG
3528123483,1375614,Newbee,Newbee
3528329524,2163,Team Liquid,Liquid
3528329524,2626685,KEEN GAMING,KG
3528450522,2163,Team Liquid,Liquid
3528450522,2626685,KEEN GAMING,KG
3529546799,1375614,Newbee,Newbee
3529546799,1883502,Virtus.pro,VP
3529685872,1883502,Virtus.pro,VP
3529685872,1375614,Newbee,Newbee
3529812480,1883502,Virtus.pro,VP
3529812480,1375614,Newbee,Newbee
3530018295,1838315,Team Secret,Secret
3530018295,2163,Team Liquid,Liquid
3530161568,2163,Team Liquid,Liquid
3530161568,1838315,Team Secret,Secret
3530260459,1838315,Team Secret,Secret
3530260459,2163,Team Liquid,Liquid
3530401688,1883502,Virtus.pro,VP
3530401688,1838315,Team Secret,Secret
3530486844,1883502,Virtus.pro,VP
3530486844,1838315,Team Secret,Secret
3537526907,3715574,SG e-sports team,SG
3537526907,1375614,Newbee,Newbee
3537662528,1375614,Newbee,Newbee
3537662528,3715574,SG e-sports team,SG
3537800215,3715574,SG e-sports team,SG
3537800215,1375614,Newbee,Newbee
3538073823,5051649,Immortals,IMT
3538073823,2163,Team Liquid,Liquid
3538209536,2163,Team Liquid,Liquid
3538209536,5051649,Immortals,IMT
3538372616,2163,Team Liquid,Liquid
3538372616,1375614,Newbee,Newbee
3538465716,1375614,Newbee,Newbee
3538465716,2163,Team Liquid,Liquid
3539645043,2586976,OG,OG
3539645043,726228,Vici Gaming,VG
3539833160,2586976,OG,OG
3539833160,726228,Vici Gaming,VG
3539980173,726228,Vici Gaming,VG
3539980173,2586976,OG,OG
3540226851,1883502,Virtus.pro,VP
3540226851,350190,Fnatic,Fnatic
3540395141,1883502,Virtus.pro,VP
3540395141,350190,Fnatic,Fnatic
3540529925,350190,Fnatic,Fnatic
3540529925,1883502,Virtus.pro,VP
3540681433,1883502,Virtus.pro,VP
3540681433,726228,Vici Gaming,VG
3540802315,1883502,Virtus.pro,VP
3540802315,726228,Vici Gaming,VG
3541962187,5051649,Immortals,IMT
3541962187,3715574,SG e-sports team,SG
3542160201,350190,Fnatic,Fnatic
3542160201,2586976,OG,OG
3542359881,3715574,SG e-sports team,SG
3542359881,1883502,Virtus.pro,VP
3542603444,1375614,Newbee,Newbee
3542603444,2586976,OG,OG
3542800810,1375614,Newbee,Newbee
3542800810,1883502,Virtus.pro,VP
3542962816,2163,Team Liquid,Liquid
3542962816,726228,Vici Gaming,VG
3543084625,2163,Team Liquid,Liquid
3543084625,726228,Vici Gaming,VG
3544380687,1375614,Newbee,Newbee
3544380687,726228,Vici Gaming,VG
3544548127,1375614,Newbee,Newbee
3544548127,726228,Vici Gaming,VG
3544710395,1375614,Newbee,Newbee
3544710395,726228,Vici Gaming,VG
3544999229,2163,Team Liquid,Liquid
3544999229,726228,Vici Gaming,VG
3545125310,2163,Team Liquid,Liquid
3545125310,726228,Vici Gaming,VG
3545253155,726228,Vici Gaming,VG
3545253155,2163,Team Liquid,Liquid
3545330410,726228,Vici Gaming,VG
3545330410,2163,Team Liquid,Liquid
3545411013,2163,Team Liquid,Liquid
3545411013,726228,Vici Gaming,VG
3570053039,3715574,SG e-sports team,SG
3570053039,726228,Vici Gaming,VG
3570059287,1838315,Team Secret,Secret
3570059287,15,PSG.LGD,PSG.LGD
3570130016,15,PSG.LGD,PSG.LGD
3570130016,1838315,Team Secret,Secret
3570136285,3715574,SG e-sports team,SG
3570136285,726228,Vici Gaming,VG
3570219677,5039050,Team Kinguin,KGN
3570219677,1375614,Newbee,Newbee
3570234217,3331948,LGD.Forever Young,LFY
3570234217,3,compLexity Gaming,coL
3570352646,1375614,Newbee,Newbee
3570352646,5039050,Team Kinguin,KGN
3570353578,3331948,LGD.Forever Young,LFY
3570353578,3,compLexity Gaming,coL
3570459988,2006913,Vega Squadron,Vega
3570459988,726228,Vici Gaming,VG
3570584164,543897,Mineski.E电竸,Mski.E电竸
3570584164,1838315,Team Secret,Secret
3570592363,2006913,Vega Squadron,Vega
3570592363,726228,Vici Gaming,VG
3570692321,1838315,Team Secret,Secret
3570692321,543897,Mineski.E电竸,Mski.E电竸
3570704604,3331948,LGD.Forever Young,LFY
3570704604,3715574,SG e-sports team,SG
3570802617,3715574,SG e-sports team,SG
3570802617,3331948,LGD.Forever Young,LFY
3570818280,5039050,Team Kinguin,KGN
3570818280,15,PSG.LGD,PSG.LGD
3570955781,5039050,Team Kinguin,KGN
3570955781,15,PSG.LGD,PSG.LGD
3570981816,3,compLexity Gaming,coL
3570981816,2006913,Vega Squadron,Vega
3571097519,3,compLexity Gaming,coL
3571097519,2006913,Vega Squadron,Vega
3571101436,543897,Mineski.E电竸,Mski.E电竸
3571101436,1375614,Newbee,Newbee
3571242499,1375614,Newbee,Newbee
3571242499,543897,Mineski.E电竸,Mski.E电竸
3572054448,5039050,Team Kinguin,KGN
3572054448,543897,Mineski.E电竸,Mski.E电竸
3572056357,3331948,LGD.Forever Young,LFY
3572056357,726228,Vici Gaming,VG
3572109722,3331948,LGD.Forever Young,LFY
3572109722,726228,Vici Gaming,VG
3572114989,543897,Mineski.E电竸,Mski.E电竸
3572114989,5039050,Team Kinguin,KGN
3572167253,15,PSG.LGD,PSG.LGD
3572167253,1375614,Newbee,Newbee
3572179567,3715574,SG e-sports team,SG
3572179567,3,compLexity Gaming,coL
3572227754,3,compLexity Gaming,coL
3572227754,3715574,SG e-sports team,SG
3572228268,1375614,Newbee,Newbee
3572228268,15,PSG.LGD,PSG.LGD
3572306807,1838315,Team Secret,Secret
3572306807,5039050,Team Kinguin,KGN
3572319102,3331948,LGD.Forever Young,LFY
3572319102,2006913,Vega Squadron,Vega
3572369074,5039050,Team Kinguin,KGN
3572369074,1838315,Team Secret,Secret
3572385680,2006913,Vega Squadron,Vega
3572385680,3331948,LGD.Forever Young,LFY
3572448805,543897,Mineski.E电竸,Mski.E电竸
3572448805,15,PSG.LGD,PSG.LGD
3572453085,3,compLexity Gaming,coL
3572453085,726228,Vici Gaming,VG
3572510732,15,PSG.LGD,PSG.LGD
3572510732,543897,Mineski.E电竸,Mski.E电竸
3572527922,3,compLexity Gaming,coL
3572527922,726228,Vici Gaming,VG
3572608314,1838315,Team Secret,Secret
3572608314,1375614,Newbee,Newbee
3572625996,3715574,SG e-sports team,SG
3572625996,2006913,Vega Squadron,Vega
3572696340,1375614,Newbee,Newbee
3572696340,1838315,Team Secret,Secret
3572702903,2006913,Vega Squadron,Vega
3572702903,3715574,SG e-sports team,SG
3575335731,1838315,Team Secret,Secret
3575335731,3,compLexity Gaming,coL
3575387841,1838315,Team Secret,Secret
3575387841,3,compLexity Gaming,coL
3575435612,1838315,Team Secret,Secret
3575435612,3,compLexity Gaming,coL
3575552622,543897,Mineski.E电竸,Mski.E电竸
3575552622,726228,Vici Gaming,VG
3575628185,726228,Vici Gaming,VG
3575628185,543897,Mineski.E电竸,Mski.E电竸
3575732914,1838315,Team Secret,Secret
3575732914,726228,Vici Gaming,VG
3575810910,1838315,Team Secret,Secret
3575810910,726228,Vici Gaming,VG
3576960284,3331948,LGD.Forever Young,LFY
3576960284,1375614,Newbee,Newbee
3577011190,1375614,Newbee,Newbee
3577011190,3331948,LGD.Forever Young,LFY
3577069088,1375614,Newbee,Newbee
3577069088,3331948,LGD.Forever Young,LFY
3577149391,2006913,Vega Squadron,Vega
3577149391,5039050,Team Kinguin,KGN
3577220071,5039050,Team Kinguin,KGN
3577220071,2006913,Vega Squadron,Vega
3577286940,5039050,Team Kinguin,KGN
3577286940,2006913,Vega Squadron,Vega
3577403300,5039050,Team Kinguin,KGN
3577403300,1375614,Newbee,Newbee
3577491695,1375614,Newbee,Newbee
3577491695,5039050,Team Kinguin,KGN
3578689020,543897,Mineski.E电竸,Mski.E电竸
3578689020,3,compLexity Gaming,coL
3578770128,2006913,Vega Squadron,Vega
3578770128,3331948,LGD.Forever Young,LFY
3578831574,3,compLexity Gaming,coL
3578831574,5039050,Team Kinguin,KGN
3578907393,3,compLexity Gaming,coL
3578907393,5039050,Team Kinguin,KGN
3578989936,5039050,Team Kinguin,KGN
3578989936,3,compLexity Gaming,coL
3579099469,1838315,Team Secret,Secret
3579099469,3331948,LGD.Forever Young,LFY
3579202701,1838315,Team Secret,Secret
3579202701,3331948,LGD.Forever Young,LFY
3580613127,1375614,Newbee,Newbee
3580613127,726228,Vici Gaming,VG
3580676580,1375614,Newbee,Newbee
3580676580,726228,Vici Gaming,VG
3580785184,1375614,Newbee,Newbee
3580785184,726228,Vici Gaming,VG
3580920775,3331948,LGD.Forever Young,LFY
3580920775,3,compLexity Gaming,coL
3581002972,3331948,LGD.Forever Young,LFY
3581002972,3,compLexity Gaming,coL
3581095967,3331948,LGD.Forever Young,LFY
3581095967,3,compLexity Gaming,coL
3581277522,3331948,LGD.Forever Young,LFY
3581277522,726228,Vici Gaming,VG
3581372542,3331948,LGD.Forever Young,LFY
3581372542,726228,Vici Gaming,VG
3583359836,1375614,Newbee,Newbee
3583359836,726228,Vici Gaming,VG
3583479175,1375614,Newbee,Newbee
3583479175,726228,Vici Gaming,VG
3583630926,1375614,Newbee,Newbee
3583630926,726228,Vici Gaming,VG
3592347071,1883502,Virtus.pro,VP
3592347071,36,Natus Vincere,Na`Vi
3592392708,2163,Team Liquid,Liquid
3592392708,350190,Fnatic,Fnatic
3592440441,1883502,Virtus.pro,VP
3592440441,36,Natus Vincere,Na`Vi
3592497127,350190,Fnatic,Fnatic
3592497127,2163,Team Liquid,Liquid
3592614727,1883502,Virtus.pro,VP
3592614727,36,Natus Vincere,Na`Vi
3592641601,5065748,Infamous,Infamous
3592641601,1375614,Newbee,Newbee
3592768996,1375614,Newbee,Newbee
3592768996,5065748,Infamous,Infamous
3592887792,39,Evil Geniuses,EG
3592887792,1838315,Team Secret,Secret
3592959842,36,Natus Vincere,Na`Vi
3592959842,350190,Fnatic,Fnatic
3593038122,1838315,Team Secret,Secret
3593038122,39,Evil Geniuses,EG
3593135264,36,Natus Vincere,Na`Vi
3593135264,350190,Fnatic,Fnatic
3593194086,2163,Team Liquid,Liquid
3593194086,1883502,Virtus.pro,VP
3593239494,36,Natus Vincere,Na`Vi
3593239494,350190,Fnatic,Fnatic
3593288991,1883502,Virtus.pro,VP
3593288991,2163,Team Liquid,Liquid
3593334179,39,Evil Geniuses,EG
3593334179,5065748,Infamous,Infamous
3593368959,1883502,Virtus.pro,VP
3593368959,2163,Team Liquid,Liquid
3593412291,5065748,Infamous,Infamous
3593412291,39,Evil Geniuses,EG
3593471736,1838315,Team Secret,Secret
3593471736,1375614,Newbee,Newbee
3593531837,1838315,Team Secret,Secret
3593531837,1375614,Newbee,Newbee
3594381943,39,Evil Geniuses,EG
3594381943,1883502,Virtus.pro,VP
3594540805,1883502,Virtus.pro,VP
3594540805,39,Evil Geniuses,EG
3594714448,1375614,Newbee,Newbee
3594714448,36,Natus Vincere,Na`Vi
3594879358,36,Natus Vincere,Na`Vi
3594879358,1375614,Newbee,Newbee
3595023144,1375614,Newbee,Newbee
3595023144,36,Natus Vincere,Na`Vi
3595192440,2163,Team Liquid,Liquid
3595192440,1838315,Team Secret,Secret
3595326728,2163,Team Liquid,Liquid
3595326728,1838315,Team Secret,Secret
3595430302,1838315,Team Secret,Secret
3595430302,2163,Team Liquid,Liquid
3595557830,36,Natus Vincere,Na`Vi
3595557830,39,Evil Geniuses,EG
3595635564,36,Natus Vincere,Na`Vi
3595635564,39,Evil Geniuses,EG
3596688904,2163,Team Liquid,Liquid
3596688904,39,Evil Geniuses,EG
3596803540,2163,Team Liquid,Liquid
3596803540,39,Evil Geniuses,EG
3597031137,2163,Team Liquid,Liquid
3597031137,1838315,Team Secret,Secret
3597234172,1838315,Team Secret,Secret
3597234172,2163,Team Liquid,Liquid
3597401325,1838315,Team Secret,Secret
3597401325,2163,Team Liquid,Liquid
3604953487,15,PSG.LGD,PSG.LGD
3604953487,3331948,LGD.Forever Young,LFY
3604955649,5065748,Infamous,Infamous
3604955649,2108395,TNC Predator,TNC
3605018496,4,EHOME,EHOME
3605018496,2586976,OG,OG
3605037754,1883502,Virtus.pro,VP
3605037754,5028104,VGJ Storm,VGJ
3605073008,3331948,LGD.Forever Young,LFY
3605073008,2586976,OG,OG
3605087164,4,EHOME,EHOME
3605087164,5065748,Infamous,Infamous
3605148046,36,Natus Vincere,Na`Vi
3605148046,15,PSG.LGD,PSG.LGD
3605162043,5028104,VGJ Storm,VGJ
3605162043,2108395,TNC Predator,TNC
3605234811,3331948,LGD.Forever Young,LFY
3605234811,4,EHOME,EHOME
3605239055,5028104,VGJ Storm,VGJ
3605239055,5065748,Infamous,Infamous
3605319407,36,Natus Vincere,Na`Vi
3605319407,2586976,OG,OG
3605341105,15,PSG.LGD,PSG.LGD
3605341105,1883502,Virtus.pro,VP
3605412047,4,EHOME,EHOME
3605412047,5028104,VGJ Storm,VGJ
3605472318,36,Natus Vincere,Na`Vi
3605472318,3331948,LGD.Forever Young,LFY
3605489927,15,PSG.LGD,PSG.LGD
3605489927,2108395,TNC Predator,TNC
3605580580,1883502,Virtus.pro,VP
3605580580,2586976,OG,OG
3605614743,36,Natus Vincere,Na`Vi
3605614743,4,EHOME,EHOME
3605691617,1883502,Virtus.pro,VP
3605691617,3331948,LGD.Forever Young,LFY
3606843421,15,PSG.LGD,PSG.LGD
3606843421,5065748,Infamous,Infamous
3606848244,2108395,TNC Predator,TNC
3606848244,2586976,OG,OG
3606910502,1883502,Virtus.pro,VP
3606910502,36,Natus Vincere,Na`Vi
3606941562,15,PSG.LGD,PSG.LGD
3606941562,5028104,VGJ Storm,VGJ
3607008645,3331948,LGD.Forever Young,LFY
3607008645,2108395,TNC Predator,TNC
3607013095,5065748,Infamous,Infamous
3607013095,2586976,OG,OG
3607109048,4,EHOME,EHOME
3607109048,1883502,Virtus.pro,VP
3607111763,36,Natus Vincere,Na`Vi
3607111763,2108395,TNC Predator,TNC
3607188587,5028104,VGJ Storm,VGJ
3607188587,2586976,OG,OG
3607198017,5065748,Infamous,Infamous
3607198017,3331948,LGD.Forever Young,LFY
3607291192,1883502,Virtus.pro,VP
3607291192,2108395,TNC Predator,TNC
3607331394,15,PSG.LGD,PSG.LGD
3607331394,4,EHOME,EHOME
3607359766,3331948,LGD.Forever Young,LFY
3607359766,5028104,VGJ Storm,VGJ
3607412308,5065748,Infamous,Infamous
3607412308,36,Natus Vincere,Na`Vi
3607459375,2108395,TNC Predator,TNC
3607459375,4,EHOME,EHOME
3607511920,2586976,OG,OG
3607511920,15,PSG.LGD,PSG.LGD
3607539060,5028104,VGJ Storm,VGJ
3607539060,36,Natus Vincere,Na`Vi
3607631172,1883502,Virtus.pro,VP
3607631172,5065748,Infamous,Infamous
3609079759,2586976,OG,OG
3609079759,36,Natus Vincere,Na`Vi
3609225559,36,Natus Vincere,Na`Vi
3609225559,2586976,OG,OG
3609602443,1883502,Virtus.pro,VP
3609602443,2108395,TNC Predator,TNC
3609753657,1883502,Virtus.pro,VP
3609753657,2108395,TNC Predator,TNC
3609945974,2108395,TNC Predator,TNC
3609945974,2586976,OG,OG
3610090295,2586976,OG,OG
3610090295,2108395,TNC Predator,TNC
3616214571,3,compLexity Gaming,coL
3616214571,5039050,Team Kinguin,KGN
3616300576,5039050,Team Kinguin,KGN
3616300576,3,compLexity Gaming,coL
3616383122,5039050,Team Kinguin,KGN
3616383122,3,compLexity Gaming,coL
3616461072,5028043,Sacred,//////////
3616461072,1883502,Virtus.pro,VP
3616514538,1883502,Virtus.pro,VP
3616514538,5028043,Sacred,//////////
3616571379,5028043,Sacred,//////////
3616571379,1883502,Virtus.pro,VP
3616622623,39,Evil Geniuses,EG
3616622623,5039050,Team Kinguin,KGN
3616664521,39,Evil Geniuses,EG
3616664521,5039050,Team Kinguin,KGN
3616712080,39,Evil Geniuses,EG
3616712080,5039050,Team Kinguin,KGN
3618204345,39,Evil Geniuses,EG
3618204345,3,compLexity Gaming,coL
3618313643,39,Evil Geniuses,EG
3618313643,3,compLexity Gaming,coL
3618354768,39,Evil Geniuses,EG
3618354768,3,compLexity Gaming,coL
3620078284,5028043,Sacred,//////////
3620078284,2586976,OG,OG
3620201501,2586976,OG,OG
3620201501,5028043,Sacred,//////////
3620299194,5028043,Sacred,//////////
3620299194,2586976,OG,OG
3620675836,1883502,Virtus.pro,VP
3620675836,2586976,OG,OG
3620742450,1883502,Virtus.pro,VP
3620742450,2586976,OG,OG
3620796674,1883502,Virtus.pro,VP
3620796674,2586976,OG,OG
3622490608,5026801,OpTic Gaming,OpTic
3622490608,3,compLexity Gaming,coL
3622599446,3,compLexity Gaming,coL
3622599446,5026801,OpTic Gaming,OpTic
3622722921,3,compLexity Gaming,coL
3622722921,5026801,OpTic Gaming,OpTic
3622880958,39,Evil Geniuses,EG
3622880958,2586976,OG,OG
3622964324,2586976,OG,OG
3622964324,39,Evil Geniuses,EG
3623062792,2586976,OG,OG
3623062792,3,compLexity Gaming,coL
3623123807,2586976,OG,OG
3623123807,3,compLexity Gaming,coL
3623193404,2586976,OG,OG
3623193404,3,compLexity Gaming,coL
3624843844,5039050,Team Kinguin,KGN
3624843844,1883502,Virtus.pro,VP
3624958444,5039050,Team Kinguin,KGN
3624958444,1883502,Virtus.pro,VP
3625065137,2586976,OG,OG
3625065137,350190,Fnatic,Fnatic
3625160730,350190,Fnatic,Fnatic
3625160730,2586976,OG,OG
3625232006,350190,Fnatic,Fnatic
3625232006,2586976,OG,OG
3625315335,350190,Fnatic,Fnatic
3625315335,1883502,Virtus.pro,VP
3625366950,1883502,Virtus.pro,VP
3625366950,350190,Fnatic,Fnatic
3625422067,350190,Fnatic,Fnatic
3625422067,1883502,Virtus.pro,VP
3625490002,350190,Fnatic,Fnatic
3625490002,1883502,Virtus.pro,VP
3660378428,67,paiN Gaming,paiN
3660378428,2586976,OG,OG
3694561853,3,compLexity Gaming,coL
3694561853,350190,Fnatic,Fnatic
3694593671,1838315,Team Secret,Secret
3694593671,5167588,Double Dimension, 
3694623523,3715574,SG e-sports team,SG
3694623523,1883502,Virtus.pro,VP
3694672680,5027210,VGJ Thunder,VGJ.T
3694672680,726228,Vici Gaming,VG
3694695589,3704482,GangSquad,GangSquad
3694695589,2163,Team Liquid,Liquid
3694760597,39,Evil Geniuses,EG
3694760597,36,Natus Vincere,Na`Vi
3694775908,2108395,TNC Predator,TNC
3694775908,543897,Mineski.E电竸,Mski.E电竸
3694837394,3331948,LGD.Forever Young,LFY
3694837394,1375614,Newbee,Newbee
3694856512,3,compLexity Gaming,coL
3694856512,5167588,Double Dimension, 
3694904506,1838315,Team Secret,Secret
3694904506,350190,Fnatic,Fnatic
3694940772,3,compLexity Gaming,coL
3694940772,5167588,Double Dimension, 
3695005031,1838315,Team Secret,Secret
3695005031,350190,Fnatic,Fnatic
3695009268,3715574,SG e-sports team,SG
3695009268,726228,Vici Gaming,VG
3695087532,3715574,SG e-sports team,SG
3695087532,726228,Vici Gaming,VG
3695119172,5027210,VGJ Thunder,VGJ.T
3695119172,1883502,Virtus.pro,VP
3695226002,726228,Vici Gaming,VG
3695226002,3715574,SG e-sports team,SG
3695231259,1883502,Virtus.pro,VP
3695231259,5027210,VGJ Thunder,VGJ.T
3696227516,3331948,LGD.Forever Young,LFY
3696227516,543897,Mineski.E电竸,Mski.E电竸
3696233055,3704482,GangSquad,GangSquad
3696233055,39,Evil Geniuses,EG
3696286347,543897,Mineski.E电竸,Mski.E电竸
3696286347,3331948,LGD.Forever Young,LFY
3696306464,3704482,GangSquad,GangSquad
3696306464,39,Evil Geniuses,EG
3696337562,5027210,VGJ Thunder,VGJ.T
3696337562,3,compLexity Gaming,coL
3696361086,3704482,GangSquad,GangSquad
3696361086,39,Evil Geniuses,EG
3696416896,36,Natus Vincere,Na`Vi
3696416896,2163,Team Liquid,Liquid
3696424993,3,compLexity Gaming,coL
3696424993,5027210,VGJ Thunder,VGJ.T
3696501908,2163,Team Liquid,Liquid
3696501908,36,Natus Vincere,Na`Vi
3696537358,350190,Fnatic,Fnatic
3696537358,726228,Vici Gaming,VG
3696594852,2108395,TNC Predator,TNC
3696594852,1375614,Newbee,Newbee
3696618477,726228,Vici Gaming,VG
3696618477,350190,Fnatic,Fnatic
3696703002,1375614,Newbee,Newbee
3696703002,2108395,TNC Predator,TNC
3696802285,350190,Fnatic,Fnatic
3696802285,726228,Vici Gaming,VG
3697932209,36,Natus Vincere,Na`Vi
3697932209,543897,Mineski.E电竸,Mski.E电竸
3697932551,39,Evil Geniuses,EG
3697932551,2108395,TNC Predator,TNC
3698002964,543897,Mineski.E电竸,Mski.E电竸
3698002964,36,Natus Vincere,Na`Vi
3698009748,39,Evil Geniuses,EG
3698009748,2108395,TNC Predator,TNC
3698067186,36,Natus Vincere,Na`Vi
3698067186,543897,Mineski.E电竸,Mski.E电竸
3698091718,5027210,VGJ Thunder,VGJ.T
3698091718,726228,Vici Gaming,VG
3698141876,1838315,Team Secret,Secret
3698141876,1883502,Virtus.pro,VP
3698163097,726228,Vici Gaming,VG
3698163097,5027210,VGJ Thunder,VGJ.T
3698238849,5027210,VGJ Thunder,VGJ.T
3698238849,726228,Vici Gaming,VG
3698247222,1883502,Virtus.pro,VP
3698247222,1838315,Team Secret,Secret
3698322743,36,Natus Vincere,Na`Vi
3698322743,39,Evil Geniuses,EG
3698342712,1375614,Newbee,Newbee
3698342712,2163,Team Liquid,Liquid
3698403352,39,Evil Geniuses,EG
3698403352,36,Natus Vincere,Na`Vi
3698427295,2163,Team Liquid,Liquid
3698427295,1375614,Newbee,Newbee
3698556611,1375614,Newbee,Newbee
3698556611,2163,Team Liquid,Liquid
3699841826,1375614,Newbee,Newbee
3699841826,726228,Vici Gaming,VG
3699928943,1375614,Newbee,Newbee
3699928943,726228,Vici Gaming,VG
3700059851,39,Evil Geniuses,EG
3700059851,1883502,Virtus.pro,VP
3700150918,1883502,Virtus.pro,VP
3700150918,39,Evil Geniuses,EG
3701815840,1838315,Team Secret,Secret
3701815840,1375614,Newbee,Newbee
3701923243,1838315,Team Secret,Secret
3701923243,1375614,Newbee,Newbee
3702089496,39,Evil Geniuses,EG
3702089496,2163,Team Liquid,Liquid
3702177241,2163,Team Liquid,Liquid
3702177241,39,Evil Geniuses,EG
3703866531,1375614,Newbee,Newbee
3703866531,2163,Team Liquid,Liquid
3703959697,1375614,Newbee,Newbee
3703959697,2163,Team Liquid,Liquid
3704076062,2163,Team Liquid,Liquid
3704076062,1375614,Newbee,Newbee
3704183534,1375614,Newbee,Newbee
3704183534,2163,Team Liquid,Liquid
3704280890,1375614,Newbee,Newbee
3704280890,2163,Team Liquid,Liquid
3710610589,15,PSG.LGD,PSG.LGD
3710610589,3,compLexity Gaming,coL
3710659933,3,compLexity Gaming,coL
3710659933,15,PSG.LGD,PSG.LGD
3710771742,2163,Team Liquid,Liquid
3710771742,5065748,Infamous,Infamous
3710846471,5065748,Infamous,Infamous
3710846471,2163,Team Liquid,Liquid
3710951598,2163,Team Liquid,Liquid
3710951598,15,PSG.LGD,PSG.LGD
3711037338,15,PSG.LGD,PSG.LGD
3711037338,2163,Team Liquid,Liquid
3712282967,5039050,Team Kinguin,KGN
3712282967,543897,Mineski.E电竸,Mski.E电竸
3712338559,543897,Mineski.E电竸,Mski.E电竸
3712338559,5039050,Team Kinguin,KGN
3712487457,46,Team Empire,Empire
3712487457,1375614,Newbee,Newbee
3712573013,1375614,Newbee,Newbee
3712573013,46,Team Empire,Empire
3712656854,1375614,Newbee,Newbee
3712656854,46,Team Empire,Empire
3712778240,1375614,Newbee,Newbee
3712778240,543897,Mineski.E电竸,Mski.E电竸
3712904364,1375614,Newbee,Newbee
3712904364,543897,Mineski.E电竸,Mski.E电竸
3713023478,543897,Mineski.E电竸,Mski.E电竸
3713023478,1375614,Newbee,Newbee
3713946952,3,compLexity Gaming,coL
3713946952,5065748,Infamous,Infamous
3714008269,5065748,Infamous,Infamous
3714008269,3,compLexity Gaming,coL
3714117760,46,Team Empire,Empire
3714117760,5039050,Team Kinguin,KGN
3714224218,46,Team Empire,Empire
3714224218,5039050,Team Kinguin,KGN
3714317072,46,Team Empire,Empire
3714317072,5039050,Team Kinguin,KGN
3714460796,15,PSG.LGD,PSG.LGD
3714460796,3,compLexity Gaming,coL
3714549210,3,compLexity Gaming,coL
3714549210,15,PSG.LGD,PSG.LGD
3714669164,3,compLexity Gaming,coL
3714669164,15,PSG.LGD,PSG.LGD
3714829316,46,Team Empire,Empire
3714829316,543897,Mineski.E电竸,Mski.E电竸
3714953219,543897,Mineski.E电竸,Mski.E电竸
3714953219,46,Team Empire,Empire
3715113464,46,Team Empire,Empire
3715113464,543897,Mineski.E电竸,Mski.E电竸
3715991149,1375614,Newbee,Newbee
3715991149,15,PSG.LGD,PSG.LGD
3716044674,15,PSG.LGD,PSG.LGD
3716044674,1375614,Newbee,Newbee
3716172156,543897,Mineski.E电竸,Mski.E电竸
3716172156,2163,Team Liquid,Liquid
3716269301,2163,Team Liquid,Liquid
3716269301,543897,Mineski.E电竸,Mski.E电竸
3716503818,2163,Team Liquid,Liquid
3716503818,15,PSG.LGD,PSG.LGD
3716642134,15,PSG.LGD,PSG.LGD
3716642134,2163,Team Liquid,Liquid
3716722821,2163,Team Liquid,Liquid
3716722821,15,PSG.LGD,PSG.LGD
3716818051,15,PSG.LGD,PSG.LGD
3716818051,2163,Team Liquid,Liquid
3743740299,5197722,Effect,Effect
3743740299,2163,Team Liquid,Liquid
3743753906,2586976,OG,OG
3743753906,726228,Vici Gaming,VG
3743825941,5026801,OpTic Gaming,OpTic
3743825941,1883502,Virtus.pro,VP
3743877987,543897,Mineski.E电竸,Mski.E电竸
3743877987,3,compLexity Gaming,coL
3743930304,1838315,Team Secret,Secret
3743930304,5065748,Infamous,Infamous
3743984381,15,PSG.LGD,PSG.LGD
3743984381,39,Evil Geniuses,EG
3744068304,5039050,Team Kinguin,KGN
3744068304,1375614,Newbee,Newbee
3744092341,350190,Fnatic,Fnatic
3744092341,36,Natus Vincere,Na`Vi
3744175111,5197722,Effect,Effect
3744175111,2586976,OG,OG
3744215830,2163,Team Liquid,Liquid
3744215830,726228,Vici Gaming,VG
3744260553,5197722,Effect,Effect
3744260553,2586976,OG,OG
3744321987,2163,Team Liquid,Liquid
3744321987,726228,Vici Gaming,VG
3744340908,3,compLexity Gaming,coL
3744340908,5026801,OpTic Gaming,OpTic
3744407716,726228,Vici Gaming,VG
3744407716,2163,Team Liquid,Liquid
3744421491,3,compLexity Gaming,coL
3744421491,5026801,OpTic Gaming,OpTic
3744481509,1883502,Virtus.pro,VP
3744481509,543897,Mineski.E电竸,Mski.E电竸
3744484565,5026801,OpTic Gaming,OpTic
3744484565,3,compLexity Gaming,coL
3744526729,543897,Mineski.E电竸,Mski.E电竸
3744526729,1883502,Virtus.pro,VP
3745245550,39,Evil Geniuses,EG
3745245550,5065748,Infamous,Infamous
3745246720,1375614,Newbee,Newbee
3745246720,36,Natus Vincere,Na`Vi
3745305291,5065748,Infamous,Infamous
3745305291,39,Evil Geniuses,EG
3745319965,36,Natus Vincere,Na`Vi
3745319965,1375614,Newbee,Newbee
3745418286,15,PSG.LGD,PSG.LGD
3745418286,1838315,Team Secret,Secret
3745429518,543897,Mineski.E电竸,Mski.E电竸
3745429518,2586976,OG,OG
3745527313,1838315,Team Secret,Secret
3745527313,15,PSG.LGD,PSG.LGD
3745532996,2586976,OG,OG
3745532996,543897,Mineski.E电竸,Mski.E电竸
3745654838,543897,Mineski.E电竸,Mski.E电竸
3745654838,2586976,OG,OG
3745657452,5039050,Team Kinguin,KGN
3745657452,350190,Fnatic,Fnatic
3745732943,5039050,Team Kinguin,KGN
3745732943,350190,Fnatic,Fnatic
3745760706,2163,Team Liquid,Liquid
3745760706,5026801,OpTic Gaming,OpTic
3745813369,350190,Fnatic,Fnatic
3745813369,5039050,Team Kinguin,KGN
3745831943,5026801,OpTic Gaming,OpTic
3745831943,2163,Team Liquid,Liquid
3746810544,39,Evil Geniuses,EG
3746810544,5039050,Team Kinguin,KGN
3746813031,15,PSG.LGD,PSG.LGD
3746813031,1375614,Newbee,Newbee
3746893613,5039050,Team Kinguin,KGN
3746893613,39,Evil Geniuses,EG
3746945388,1375614,Newbee,Newbee
3746945388,15,PSG.LGD,PSG.LGD
3747006714,2586976,OG,OG
3747006714,2163,Team Liquid,Liquid
3747041770,1375614,Newbee,Newbee
3747041770,15,PSG.LGD,PSG.LGD
3747126700,2163,Team Liquid,Liquid
3747126700,2586976,OG,OG
3747183006,726228,Vici Gaming,VG
3747183006,1883502,Virtus.pro,VP
3747238582,1838315,Team Secret,Secret
3747238582,350190,Fnatic,Fnatic
3747320300,1883502,Virtus.pro,VP
3747320300,726228,Vici Gaming,VG
3747355056,1838315,Team Secret,Secret
3747355056,350190,Fnatic,Fnatic
3747471332,1838315,Team Secret,Secret
3747471332,350190,Fnatic,Fnatic
3748753530,1375614,Newbee,Newbee
3748753530,39,Evil Geniuses,EG
3748838786,39,Evil Geniuses,EG
3748838786,1375614,Newbee,Newbee
3748928380,1838315,Team Secret,Secret
3748928380,2163,Team Liquid,Liquid
3749024236,2163,Team Liquid,Liquid
3749024236,1838315,Team Secret,Secret
3749130082,2163,Team Liquid,Liquid
3749130082,1838315,Team Secret,Secret
3750244771,1883502,Virtus.pro,VP
3750244771,39,Evil Geniuses,EG
3750343882,39,Evil Geniuses,EG
3750343882,1883502,Virtus.pro,VP
3750461499,39,Evil Geniuses,EG
3750461499,1883502,Virtus.pro,VP
3750736836,2163,Team Liquid,Liquid
3750736836,726228,Vici Gaming,VG
3750844055,2163,Team Liquid,Liquid
3750844055,726228,Vici Gaming,VG
3750946886,2163,Team Liquid,Liquid
3750946886,726228,Vici Gaming,VG
3751104948,1883502,Virtus.pro,VP
3751104948,350190,Fnatic,Fnatic
3751180345,1883502,Virtus.pro,VP
3751180345,350190,Fnatic,Fnatic
3752068728,350190,Fnatic,Fnatic
3752068728,2163,Team Liquid,Liquid
3752174849,2163,Team Liquid,Liquid
3752174849,350190,Fnatic,Fnatic
3752273869,2163,Team Liquid,Liquid
3752273869,350190,Fnatic,Fnatic
3752505318,1883502,Virtus.pro,VP
3752505318,726228,Vici Gaming,VG
3752602284,1883502,Virtus.pro,VP
3752602284,726228,Vici Gaming,VG
3752683273,1883502,Virtus.pro,VP
3752683273,726228,Vici Gaming,VG
3752758474,1883502,Virtus.pro,VP
3752758474,726228,Vici Gaming,VG
3763492629,2163,Team Liquid,Liquid
3763492629,3331948,LGD.Forever Young,LFY
3763575506,1838315,Team Secret,Secret
3763575506,3,compLexity Gaming,coL
3763711443,39,Evil Geniuses,EG
3763711443,67,paiN Gaming,paiN
3763798613,1883502,Virtus.pro,VP
3763798613,5026801,OpTic Gaming,OpTic
3763905209,2108395,TNC Predator,TNC
3763905209,543897,Mineski.E电竸,Mski.E电竸
3764049023,726228,Vici Gaming,VG
3764049023,5027210,VGJ Thunder,VGJ.T
3764167820,36,Natus Vincere,Na`Vi
3764167820,2586976,OG,OG
3764298763,1375614,Newbee,Newbee
3764298763,2006913,Vega Squadron,Vega
3765204718,2108395,TNC Predator,TNC
3765204718,5026801,OpTic Gaming,OpTic
3765289061,3,compLexity Gaming,coL
3765289061,543897,Mineski.E电竸,Mski.E电竸
3765370823,39,Evil Geniuses,EG
3765370823,2163,Team Liquid,Liquid
3765492612,5027210,VGJ Thunder,VGJ.T
3765492612,1838315,Team Secret,Secret
3765600224,2586976,OG,OG
3765600224,1375614,Newbee,Newbee
3765708885,1883502,Virtus.pro,VP
3765708885,3331948,LGD.Forever Young,LFY
3765833999,36,Natus Vincere,Na`Vi
3765833999,2006913,Vega Squadron,Vega
3765946065,67,paiN Gaming,paiN
3765946065,726228,Vici Gaming,VG
3766681094,1883502,Virtus.pro,VP
3766681094,36,Natus Vincere,Na`Vi
3766752458,1838315,Team Secret,Secret
3766752458,67,paiN Gaming,paiN
3766823904,3331948,LGD.Forever Young,LFY
3766823904,726228,Vici Gaming,VG
3766915400,3,compLexity Gaming,coL
3766915400,2163,Team Liquid,Liquid
3767025456,2006913,Vega Squadron,Vega
3767025456,543897,Mineski.E电竸,Mski.E电竸
3767136890,5027210,VGJ Thunder,VGJ.T
3767136890,2108395,TNC Predator,TNC
3767287818,39,Evil Geniuses,EG
3767287818,1375614,Newbee,Newbee
3767358224,5026801,OpTic Gaming,OpTic
3767358224,2586976,OG,OG
3768183941,2163,Team Liquid,Liquid
3768183941,726228,Vici Gaming,VG
3768245969,3,compLexity Gaming,coL
3768245969,1375614,Newbee,Newbee
3768329633,67,paiN Gaming,paiN
3768329633,36,Natus Vincere,Na`Vi
3768435440,543897,Mineski.E电竸,Mski.E电竸
3768435440,2586976,OG,OG
3768548189,1883502,Virtus.pro,VP
3768548189,2108395,TNC Predator,TNC
3768665017,1838315,Team Secret,Secret
3768665017,5026801,OpTic Gaming,OpTic
3768860674,2163,Team Liquid,Liquid
3768860674,2586976,OG,OG
3768972838,3,compLexity Gaming,coL
3768972838,5026801,OpTic Gaming,OpTic
3769072510,36,Natus Vincere,Na`Vi
3769072510,2108395,TNC Predator,TNC
3771606255,2108395,TNC Predator,TNC
3771606255,5027210,VGJ Thunder,VGJ.T
3771700231,2108395,TNC Predator,TNC
3771700231,5027210,VGJ Thunder,VGJ.T
3771806416,2108395,TNC Predator,TNC
3771806416,5027210,VGJ Thunder,VGJ.T
3771946947,1838315,Team Secret,Secret
3771946947,1375614,Newbee,Newbee
3772078989,1375614,Newbee,Newbee
3772078989,1838315,Team Secret,Secret
3772237673,2163,Team Liquid,Liquid
3772237673,39,Evil Geniuses,EG
3772339381,39,Evil Geniuses,EG
3772339381,2163,Team Liquid,Liquid
3772435351,2163,Team Liquid,Liquid
3772435351,39,Evil Geniuses,EG
3773436674,1883502,Virtus.pro,VP
3773436674,5026801,OpTic Gaming,OpTic
3773545008,1883502,Virtus.pro,VP
3773545008,5026801,OpTic Gaming,OpTic
3773664713,1375614,Newbee,Newbee
3773664713,5027210,VGJ Thunder,VGJ.T
3773771562,1375614,Newbee,Newbee
3773771562,5027210,VGJ Thunder,VGJ.T
3773950827,1883502,Virtus.pro,VP
3773950827,2163,Team Liquid,Liquid
3774083100,2163,Team Liquid,Liquid
3774083100,1883502,Virtus.pro,VP
3774178327,2163,Team Liquid,Liquid
3774178327,1883502,Virtus.pro,VP
3775730294,1883502,Virtus.pro,VP
3775730294,5027210,VGJ Thunder,VGJ.T
3775825168,1883502,Virtus.pro,VP
3775825168,5027210,VGJ Thunder,VGJ.T
3775933971,1883502,Virtus.pro,VP
3775933971,5027210,VGJ Thunder,VGJ.T
3781456589,39,Evil Geniuses,EG
3781456589,5065748,Infamous,Infamous
3781496374,5027210,VGJ Thunder,VGJ.T
3781496374,5059375,The Final Tribe,TFT
3781569096,5231224,Rex Regum Qeon,RR.QEON
3781569096,36,Natus Vincere,Na`Vi
3781636310,350190,Fnatic,Fnatic
3781636310,5196328,Digital Chaos,DC
3781706342,39,Evil Geniuses,EG
3781706342,36,Natus Vincere,Na`Vi
3781777845,39,Evil Geniuses,EG
3781777845,36,Natus Vincere,Na`Vi
3781854643,350190,Fnatic,Fnatic
3781854643,5027210,VGJ Thunder,VGJ.T
3781943140,5027210,VGJ Thunder,VGJ.T
3781943140,350190,Fnatic,Fnatic
3782034378,350190,Fnatic,Fnatic
3782034378,5027210,VGJ Thunder,VGJ.T
3783051055,5065748,Infamous,Infamous
3783051055,5231224,Rex Regum Qeon,RR.QEON
3783090410,5231224,Rex Regum Qeon,RR.QEON
3783090410,5065748,Infamous,Infamous
3783144649,5196328,Digital Chaos,DC
3783144649,5059375,The Final Tribe,TFT
3783207155,5196328,Digital Chaos,DC
3783207155,5059375,The Final Tribe,TFT
3783282607,5196328,Digital Chaos,DC
3783282607,5059375,The Final Tribe,TFT
3783381318,36,Natus Vincere,Na`Vi
3783381318,5065748,Infamous,Infamous
3783480887,350190,Fnatic,Fnatic
3783480887,5059375,The Final Tribe,TFT
3784916640,36,Natus Vincere,Na`Vi
3784916640,5196328,Digital Chaos,DC
3785089541,5231224,Rex Regum Qeon,RR.QEON
3785089541,5059375,The Final Tribe,TFT
3785291298,36,Natus Vincere,Na`Vi
3785291298,350190,Fnatic,Fnatic
3785462740,350190,Fnatic,Fnatic
3785462740,36,Natus Vincere,Na`Vi
3785554522,36,Natus Vincere,Na`Vi
3785554522,350190,Fnatic,Fnatic
3785816471,5065748,Infamous,Infamous
3785816471,5059375,The Final Tribe,TFT
3785951130,5065748,Infamous,Infamous
3785951130,5059375,The Final Tribe,TFT
3786106535,5065748,Infamous,Infamous
3786106535,5059375,The Final Tribe,TFT
3786958899,36,Natus Vincere,Na`Vi
3786958899,39,Evil Geniuses,EG
3787058134,39,Evil Geniuses,EG
3787058134,36,Natus Vincere,Na`Vi
3787212636,5065748,Infamous,Infamous
3787212636,5027210,VGJ Thunder,VGJ.T
3787365356,5065748,Infamous,Infamous
3787365356,5027210,VGJ Thunder,VGJ.T
3787477054,5065748,Infamous,Infamous
3787477054,5027210,VGJ Thunder,VGJ.T
3787689572,39,Evil Geniuses,EG
3787689572,5027210,VGJ Thunder,VGJ.T
3787793545,39,Evil Geniuses,EG
3787793545,5027210,VGJ Thunder,VGJ.T
3792361808,350190,Fnatic,Fnatic
3792361808,2586976,OG,OG
3792442906,2586976,OG,OG
3792442906,350190,Fnatic,Fnatic
3792551699,1375614,Newbee,Newbee
3792551699,5051649,Immortals,IMT
3792653077,1375614,Newbee,Newbee
3792653077,5051649,Immortals,IMT
3792813426,46,Team Empire,Empire
3792813426,1838315,Team Secret,Secret
3792899771,1838315,Team Secret,Secret
3792899771,46,Team Empire,Empire
3793030149,2163,Team Liquid,Liquid
3793030149,67,paiN Gaming,paiN
3793135633,2163,Team Liquid,Liquid
3793135633,67,paiN Gaming,paiN
3793936123,5051649,Immortals,IMT
3793936123,46,Team Empire,Empire
3794026128,5051649,Immortals,IMT
3794026128,46,Team Empire,Empire
3794109188,5051649,Immortals,IMT
3794109188,46,Team Empire,Empire
3794215242,67,paiN Gaming,paiN
3794215242,2586976,OG,OG
3794315872,2586976,OG,OG
3794315872,67,paiN Gaming,paiN
3794444729,350190,Fnatic,Fnatic
3794444729,2163,Team Liquid,Liquid
3794537388,350190,Fnatic,Fnatic
3794537388,2163,Team Liquid,Liquid
3794599724,2163,Team Liquid,Liquid
3794599724,350190,Fnatic,Fnatic
3794721842,1375614,Newbee,Newbee
3794721842,1838315,Team Secret,Secret
3794784138,1375614,Newbee,Newbee
3794784138,1838315,Team Secret,Secret
3795753791,1375614,Newbee,Newbee
3795753791,2586976,OG,OG
3795857405,2586976,OG,OG
3795857405,1375614,Newbee,Newbee
3796013772,350190,Fnatic,Fnatic
3796013772,46,Team Empire,Empire
3796128008,46,Team Empire,Empire
3796128008,350190,Fnatic,Fnatic
3796268587,1838315,Team Secret,Secret
3796268587,2163,Team Liquid,Liquid
3796359654,2163,Team Liquid,Liquid
3796359654,1838315,Team Secret,Secret
3797616005,1375614,Newbee,Newbee
3797616005,350190,Fnatic,Fnatic
3797779580,350190,Fnatic,Fnatic
3797779580,1375614,Newbee,Newbee
3797921919,1375614,Newbee,Newbee
3797921919,350190,Fnatic,Fnatic
3798116566,2163,Team Liquid,Liquid
3798116566,350190,Fnatic,Fnatic
3798272648,350190,Fnatic,Fnatic
3798272648,2163,Team Liquid,Liquid
3799869808,350190,Fnatic,Fnatic
3799869808,1838315,Team Secret,Secret
3799989013,350190,Fnatic,Fnatic
3799989013,1838315,Team Secret,Secret
3800120344,350190,Fnatic,Fnatic
3800120344,1838315,Team Secret,Secret
3805102807,5197722,Effect,Effect
3805102807,5027210,VGJ Thunder,VGJ.T
3805108868,2626685,KEEN GAMING,KG
3805108868,2586976,OG,OG
3805168942,67,paiN Gaming,paiN
3805168942,543897,Mineski.E电竸,Mski.E电竸
3805169331,2108395,TNC Predator,TNC
3805169331,5026801,OpTic Gaming,OpTic
3805223928,726228,Vici Gaming,VG
3805223928,2586976,OG,OG
3805240127,39,Evil Geniuses,EG
3805240127,5027210,VGJ Thunder,VGJ.T
3805293296,2626685,KEEN GAMING,KG
3805293296,2163,Team Liquid,Liquid
3805324477,5197722,Effect,Effect
3805324477,1838315,Team Secret,Secret
3805358214,1375614,Newbee,Newbee
3805358214,726228,Vici Gaming,VG
3805388478,1883502,Virtus.pro,VP
3805388478,39,Evil Geniuses,EG
3805446809,15,PSG.LGD,PSG.LGD
3805446809,2108395,TNC Predator,TNC
3805456168,5,Invictus Gaming,iG
3805456168,543897,Mineski.E电竸,Mski.E电竸
3805522795,5026801,OpTic Gaming,OpTic
3805522795,1375614,Newbee,Newbee
3805545412,1883502,Virtus.pro,VP
3805545412,67,paiN Gaming,paiN
3805613071,15,PSG.LGD,PSG.LGD
3805613071,2163,Team Liquid,Liquid
3805633343,5,Invictus Gaming,iG
3805633343,1838315,Team Secret,Secret
3806744443,5026801,OpTic Gaming,OpTic
3806744443,2586976,OG,OG
3806747614,67,paiN Gaming,paiN
3806747614,5027210,VGJ Thunder,VGJ.T
3806807387,543897,Mineski.E电竸,Mski.E电竸
3806807387,5197722,Effect,Effect
3806807674,2626685,KEEN GAMING,KG
3806807674,2108395,TNC Predator,TNC
3806873564,15,PSG.LGD,PSG.LGD
3806873564,1375614,Newbee,Newbee
3806880107,5,Invictus Gaming,iG
3806880107,1883502,Virtus.pro,VP
3806929208,2163,Team Liquid,Liquid
3806929208,2586976,OG,OG
3806938549,1838315,Team Secret,Secret
3806938549,5027210,VGJ Thunder,VGJ.T
3806993715,15,PSG.LGD,PSG.LGD
3806993715,2626685,KEEN GAMING,KG
3807025985,5197722,Effect,Effect
3807025985,5,Invictus Gaming,iG
3807067611,5026801,OpTic Gaming,OpTic
3807067611,726228,Vici Gaming,VG
3807110470,39,Evil Geniuses,EG
3807110470,67,paiN Gaming,paiN
3807137726,1375614,Newbee,Newbee
3807137726,2108395,TNC Predator,TNC
3807181073,1883502,Virtus.pro,VP
3807181073,543897,Mineski.E电竸,Mski.E电竸
3807257804,39,Evil Geniuses,EG
3807257804,1838315,Team Secret,Secret
3807259050,726228,Vici Gaming,VG
3807259050,2163,Team Liquid,Liquid
3808518879,726228,Vici Gaming,VG
3808518879,2626685,KEEN GAMING,KG
3808519940,39,Evil Geniuses,EG
3808519940,5197722,Effect,Effect
3808586208,15,PSG.LGD,PSG.LGD
3808586208,5026801,OpTic Gaming,OpTic
3808588717,67,paiN Gaming,paiN
3808588717,5,Invictus Gaming,iG
3808649092,1375614,Newbee,Newbee
3808649092,2586976,OG,OG
3808671269,1883502,Virtus.pro,VP
3808671269,5027210,VGJ Thunder,VGJ.T
3808730315,2163,Team Liquid,Liquid
3808730315,2108395,TNC Predator,TNC
3808749687,543897,Mineski.E电竸,Mski.E电竸
3808749687,1838315,Team Secret,Secret
3808804800,2626685,KEEN GAMING,KG
3808804800,1375614,Newbee,Newbee
3808843431,5197722,Effect,Effect
3808843431,1883502,Virtus.pro,VP
3808894481,2163,Team Liquid,Liquid
3808894481,5026801,OpTic Gaming,OpTic
3808944568,67,paiN Gaming,paiN
3808944568,1838315,Team Secret,Secret
3808965597,2108395,TNC Predator,TNC
3808965597,2586976,OG,OG
3809038898,543897,Mineski.E电竸,Mski.E电竸
3809038898,5027210,VGJ Thunder,VGJ.T
3809062947,726228,Vici Gaming,VG
3809062947,15,PSG.LGD,PSG.LGD
3809120660,39,Evil Geniuses,EG
3809120660,5,Invictus Gaming,iG
3810441732,543897,Mineski.E电竸,Mski.E电竸
3810441732,39,Evil Geniuses,EG
3810442630,2108395,TNC Predator,TNC
3810442630,726228,Vici Gaming,VG
3810503944,15,PSG.LGD,PSG.LGD
3810503944,2586976,OG,OG
3810509929,5,Invictus Gaming,iG
3810509929,5027210,VGJ Thunder,VGJ.T
3810591728,5026801,OpTic Gaming,OpTic
3810591728,2626685,KEEN GAMING,KG
3810598478,5197722,Effect,Effect
3810598478,67,paiN Gaming,paiN
3810667407,1883502,Virtus.pro,VP
3810667407,1838315,Team Secret,Secret
3810690114,2163,Team Liquid,Liquid
3810690114,1375614,Newbee,Newbee
3810797045,2586976,OG,OG
3810797045,726228,Vici Gaming,VG
3810816945,2108395,TNC Predator,TNC
3810816945,5026801,OpTic Gaming,OpTic
3810913865,2163,Team Liquid,Liquid
3810913865,15,PSG.LGD,PSG.LGD
3810920238,1375614,Newbee,Newbee
3810920238,2108395,TNC Predator,TNC
3811019779,1375614,Newbee,Newbee
3811019779,5026801,OpTic Gaming,OpTic
3811024255,2163,Team Liquid,Liquid
3811024255,2108395,TNC Predator,TNC
3811138840,5026801,OpTic Gaming,OpTic
3811138840,2163,Team Liquid,Liquid
3811141827,1375614,Newbee,Newbee
3811141827,15,PSG.LGD,PSG.LGD
3811269198,5026801,OpTic Gaming,OpTic
3811269198,15,PSG.LGD,PSG.LGD
3811272637,2163,Team Liquid,Liquid
3811272637,1375614,Newbee,Newbee
3811395746,2108395,TNC Predator,TNC
3811395746,15,PSG.LGD,PSG.LGD
3813737784,39,Evil Geniuses,EG
3813737784,1375614,Newbee,Newbee
3813773851,39,Evil Geniuses,EG
3813773851,1375614,Newbee,Newbee
3813829086,2163,Team Liquid,Liquid
3813829086,5027210,VGJ Thunder,VGJ.T
3813872197,2163,Team Liquid,Liquid
3813872197,5027210,VGJ Thunder,VGJ.T
3813952666,5026801,OpTic Gaming,OpTic
3813952666,5,Invictus Gaming,iG
3814007675,5026801,OpTic Gaming,OpTic
3814007675,5,Invictus Gaming,iG
3814099333,726228,Vici Gaming,VG
3814099333,1838315,Team Secret,Secret
3814189609,726228,Vici Gaming,VG
3814189609,1838315,Team Secret,Secret
3815208445,39,Evil Geniuses,EG
3815208445,15,PSG.LGD,PSG.LGD
3815256950,39,Evil Geniuses,EG
3815256950,15,PSG.LGD,PSG.LGD
3815318822,2163,Team Liquid,Liquid
3815318822,1883502,Virtus.pro,VP
3815378585,2163,Team Liquid,Liquid
3815378585,1883502,Virtus.pro,VP
3815445061,5026801,OpTic Gaming,OpTic
3815445061,543897,Mineski.E电竸,Mski.E电竸
3815509528,5026801,OpTic Gaming,OpTic
3815509528,543897,Mineski.E电竸,Mski.E电竸
3815594091,2108395,TNC Predator,TNC
3815594091,726228,Vici Gaming,VG
3815664057,726228,Vici Gaming,VG
3815664057,2108395,TNC Predator,TNC
3815751099,726228,Vici Gaming,VG
3815751099,2108395,TNC Predator,TNC
3816709362,1883502,Virtus.pro,VP
3816709362,39,Evil Geniuses,EG
3816766153,2108395,TNC Predator,TNC
3816766153,5026801,OpTic Gaming,OpTic
3816848333,2163,Team Liquid,Liquid
3816848333,15,PSG.LGD,PSG.LGD
3816899525,2163,Team Liquid,Liquid
3816899525,15,PSG.LGD,PSG.LGD
3816957355,15,PSG.LGD,PSG.LGD
3816957355,2163,Team Liquid,Liquid
3817043405,543897,Mineski.E电竸,Mski.E电竸
3817043405,726228,Vici Gaming,VG
3817139322,543897,Mineski.E电竸,Mski.E电竸
3817139322,726228,Vici Gaming,VG
3817246912,543897,Mineski.E电竸,Mski.E电竸
3817246912,726228,Vici Gaming,VG
3818333792,1883502,Virtus.pro,VP
3818333792,726228,Vici Gaming,VG
3818397105,2163,Team Liquid,Liquid
3818397105,2108395,TNC Predator,TNC
3818469890,543897,Mineski.E电竸,Mski.E电竸
3818469890,15,PSG.LGD,PSG.LGD
3818518023,543897,Mineski.E电竸,Mski.E电竸
3818518023,15,PSG.LGD,PSG.LGD
3818623346,1883502,Virtus.pro,VP
3818623346,2108395,TNC Predator,TNC
3818707653,1883502,Virtus.pro,VP
3818707653,2108395,TNC Predator,TNC
3818797818,2108395,TNC Predator,TNC
3818797818,1883502,Virtus.pro,VP
3820058665,15,PSG.LGD,PSG.LGD
3820058665,1883502,Virtus.pro,VP
3820112359,1883502,Virtus.pro,VP
3820112359,15,PSG.LGD,PSG.LGD
3820170555,15,PSG.LGD,PSG.LGD
3820170555,1883502,Virtus.pro,VP
3820341307,15,PSG.LGD,PSG.LGD
3820341307,543897,Mineski.E电竸,Mski.E电竸
3820410022,543897,Mineski.E电竸,Mski.E电竸
3820410022,15,PSG.LGD,PSG.LGD
3820507353,543897,Mineski.E电竸,Mski.E电竸
3820507353,15,PSG.LGD,PSG.LGD
3820592361,543897,Mineski.E电竸,Mski.E电竸
3820592361,15,PSG.LGD,PSG.LGD
3820686389,15,PSG.LGD,PSG.LGD
3820686389,543897,Mineski.E电竸,Mski.E电竸
3828770018,5027210,VGJ Thunder,VGJ.T
3828770018,5229127,Winstrike,Winstrike
3828974488,5027210,VGJ Thunder,VGJ.T
3828974488,5229127,Winstrike,Winstrike
3829119614,5039050,Team Kinguin,KGN
3829119614,5026801,OpTic Gaming,OpTic
3829231416,5026801,OpTic Gaming,OpTic
3829231416,5039050,Team Kinguin,KGN
3829376689,5026801,OpTic Gaming,OpTic
3829376689,5039050,Team Kinguin,KGN
3829506426,5026801,OpTic Gaming,OpTic
3829506426,5027210,VGJ Thunder,VGJ.T
3829564146,5026801,OpTic Gaming,OpTic
3829564146,5027210,VGJ Thunder,VGJ.T
3830307665,350190,Fnatic,Fnatic
3830307665,36,Natus Vincere,Na`Vi
3830446119,350190,Fnatic,Fnatic
3830446119,36,Natus Vincere,Na`Vi
3830552431,350190,Fnatic,Fnatic
3830552431,36,Natus Vincere,Na`Vi
3830762107,2006913,Vega Squadron,Vega
3830762107,3715574,SG e-sports team,SG
3830902400,3715574,SG e-sports team,SG
3830902400,2006913,Vega Squadron,Vega
3831006834,3715574,SG e-sports team,SG
3831006834,2006913,Vega Squadron,Vega
3831145338,350190,Fnatic,Fnatic
3831145338,2006913,Vega Squadron,Vega
3831243271,350190,Fnatic,Fnatic
3831243271,2006913,Vega Squadron,Vega
3831900465,5229127,Winstrike,Winstrike
3831900465,5039050,Team Kinguin,KGN
3832128441,5039050,Team Kinguin,KGN
3832128441,5229127,Winstrike,Winstrike
3832266067,3715574,SG e-sports team,SG
3832266067,36,Natus Vincere,Na`Vi
3832355063,36,Natus Vincere,Na`Vi
3832355063,3715574,SG e-sports team,SG
3832546445,5027210,VGJ Thunder,VGJ.T
3832546445,5229127,Winstrike,Winstrike
3832724862,5027210,VGJ Thunder,VGJ.T
3832724862,5229127,Winstrike,Winstrike
3832863060,36,Natus Vincere,Na`Vi
3832863060,350190,Fnatic,Fnatic
3832989883,350190,Fnatic,Fnatic
3832989883,36,Natus Vincere,Na`Vi
3833080676,36,Natus Vincere,Na`Vi
3833080676,350190,Fnatic,Fnatic
3834007564,5027210,VGJ Thunder,VGJ.T
3834007564,2006913,Vega Squadron,Vega
3834092818,2006913,Vega Squadron,Vega
3834092818,5027210,VGJ Thunder,VGJ.T
3834233074,350190,Fnatic,Fnatic
3834233074,5026801,OpTic Gaming,OpTic
3834408289,5026801,OpTic Gaming,OpTic
3834408289,350190,Fnatic,Fnatic
3834511370,350190,Fnatic,Fnatic
3834511370,5026801,OpTic Gaming,OpTic
3834655304,5027210,VGJ Thunder,VGJ.T
3834655304,5026801,OpTic Gaming,OpTic
3834797908,5026801,OpTic Gaming,OpTic
3834797908,5027210,VGJ Thunder,VGJ.T
3834893237,5027210,VGJ Thunder,VGJ.T
3834893237,5026801,OpTic Gaming,OpTic
3834963072,5026801,OpTic Gaming,OpTic
3834963072,5027210,VGJ Thunder,VGJ.T
3853663055,1883502,Virtus.pro,VP
3853663055,67,paiN Gaming,paiN
3853738369,67,paiN Gaming,paiN
3853738369,1883502,Virtus.pro,VP
3853781987,1883502,Virtus.pro,VP
3853781987,67,paiN Gaming,paiN
3854315649,1375614,Newbee,Newbee
3854315649,1838315,Team Secret,Secret
3854408440,1375614,Newbee,Newbee
3854408440,1838315,Team Secret,Secret
3854498593,1375614,Newbee,Newbee
3854498593,1838315,Team Secret,Secret
3854613702,15,PSG.LGD,PSG.LGD
3854613702,543897,Mineski.E电竸,Mski.E电竸
3854704857,543897,Mineski.E电竸,Mski.E电竸
3854704857,15,PSG.LGD,PSG.LGD
3854810418,15,PSG.LGD,PSG.LGD
3854810418,543897,Mineski.E电竸,Mski.E电竸
3854928326,2586976,OG,OG
3854928326,36,Natus Vincere,Na`Vi
3855045406,36,Natus Vincere,Na`Vi
3855045406,2586976,OG,OG
3855126038,3,compLexity Gaming,coL
3855126038,5229127,Winstrike,Winstrike
3855201180,5229127,Winstrike,Winstrike
3855201180,3,compLexity Gaming,coL
3855211981,2163,Team Liquid,Liquid
3855211981,46,Team Empire,Empire
3855322538,46,Team Empire,Empire
3855322538,2163,Team Liquid,Liquid
3856109320,543897,Mineski.E电竸,Mski.E电竸
3856109320,5229127,Winstrike,Winstrike
3856210369,5229127,Winstrike,Winstrike
3856210369,543897,Mineski.E电竸,Mski.E电竸
3856317902,5229127,Winstrike,Winstrike
3856317902,543897,Mineski.E电竸,Mski.E电竸
3856371600,67,paiN Gaming,paiN
3856371600,2586976,OG,OG
3856441285,2163,Team Liquid,Liquid
3856441285,15,PSG.LGD,PSG.LGD
3856476310,2586976,OG,OG
3856476310,67,paiN Gaming,paiN
3856540185,2163,Team Liquid,Liquid
3856540185,15,PSG.LGD,PSG.LGD
3856618664,3,compLexity Gaming,coL
3856618664,46,Team Empire,Empire
3856657225,2163,Team Liquid,Liquid
3856657225,15,PSG.LGD,PSG.LGD
3856784059,3,compLexity Gaming,coL
3856784059,46,Team Empire,Empire
3856785633,1838315,Team Secret,Secret
3856785633,36,Natus Vincere,Na`Vi
3856880792,1838315,Team Secret,Secret
3856880792,36,Natus Vincere,Na`Vi
3856978772,36,Natus Vincere,Na`Vi
3856978772,1838315,Team Secret,Secret
3857133774,1883502,Virtus.pro,VP
3857133774,1375614,Newbee,Newbee
3857223519,1883502,Virtus.pro,VP
3857223519,1375614,Newbee,Newbee
3857361495,1375614,Newbee,Newbee
3857361495,1883502,Virtus.pro,VP
3857948369,2586976,OG,OG
3857948369,1838315,Team Secret,Secret
3858047503,1838315,Team Secret,Secret
3858047503,2586976,OG,OG
3858123895,67,paiN Gaming,paiN
3858123895,1375614,Newbee,Newbee
3858133933,2586976,OG,OG
3858133933,1838315,Team Secret,Secret
3858218113,1375614,Newbee,Newbee
3858218113,67,paiN Gaming,paiN
3858222095,15,PSG.LGD,PSG.LGD
3858222095,46,Team Empire,Empire
3858316713,3,compLexity Gaming,coL
3858316713,543897,Mineski.E电竸,Mski.E电竸
3858341244,46,Team Empire,Empire
3858341244,15,PSG.LGD,PSG.LGD
3858438387,3,compLexity Gaming,coL
3858438387,543897,Mineski.E电竸,Mski.E电竸
3858449839,15,PSG.LGD,PSG.LGD
3858449839,46,Team Empire,Empire
3858543045,543897,Mineski.E电竸,Mski.E电竸
3858543045,3,compLexity Gaming,coL
3858598169,2163,Team Liquid,Liquid
3858598169,5229127,Winstrike,Winstrike
3858746706,5229127,Winstrike,Winstrike
3858746706,2163,Team Liquid,Liquid
3858902133,2163,Team Liquid,Liquid
3858902133,5229127,Winstrike,Winstrike
3859017359,36,Natus Vincere,Na`Vi
3859017359,1883502,Virtus.pro,VP
3859112825,1883502,Virtus.pro,VP
3859112825,36,Natus Vincere,Na`Vi
3859208891,36,Natus Vincere,Na`Vi
3859208891,1883502,Virtus.pro,VP
3859911502,543897,Mineski.E电竸,Mski.E电竸
3859911502,46,Team Empire,Empire
3860041559,543897,Mineski.E电竸,Mski.E电竸
3860041559,46,Team Empire,Empire
3860181472,15,PSG.LGD,PSG.LGD
3860181472,5229127,Winstrike,Winstrike
3860228898,1838315,Team Secret,Secret
3860228898,67,paiN Gaming,paiN
3860298305,15,PSG.LGD,PSG.LGD
3860298305,5229127,Winstrike,Winstrike
3860355983,67,paiN Gaming,paiN
3860355983,1838315,Team Secret,Secret
3860434033,1375614,Newbee,Newbee
3860434033,36,Natus Vincere,Na`Vi
3860516530,2163,Team Liquid,Liquid
3860516530,3,compLexity Gaming,coL
3860563545,36,Natus Vincere,Na`Vi
3860563545,1375614,Newbee,Newbee
3860626926,3,compLexity Gaming,coL
3860626926,2163,Team Liquid,Liquid
3860676988,36,Natus Vincere,Na`Vi
3860676988,1375614,Newbee,Newbee
3860917809,2586976,OG,OG
3860917809,1883502,Virtus.pro,VP
3861026687,1883502,Virtus.pro,VP
3861026687,2586976,OG,OG
3861782528,46,Team Empire,Empire
3861782528,5229127,Winstrike,Winstrike
3861849410,46,Team Empire,Empire
3861849410,5229127,Winstrike,Winstrike
3861958084,5229127,Winstrike,Winstrike
3861958084,46,Team Empire,Empire
3862035677,2586976,OG,OG
3862035677,1375614,Newbee,Newbee
3862104329,543897,Mineski.E电竸,Mski.E电竸
3862104329,2163,Team Liquid,Liquid
3862135578,1375614,Newbee,Newbee
3862135578,2586976,OG,OG
3862218492,2163,Team Liquid,Liquid
3862218492,543897,Mineski.E电竸,Mski.E电竸
3862262314,2586976,OG,OG
3862262314,1375614,Newbee,Newbee
3862347259,36,Natus Vincere,Na`Vi
3862347259,67,paiN Gaming,paiN
3862410871,15,PSG.LGD,PSG.LGD
3862410871,3,compLexity Gaming,coL
3862476678,67,paiN Gaming,paiN
3862476678,36,Natus Vincere,Na`Vi
3862555760,3,compLexity Gaming,coL
3862555760,15,PSG.LGD,PSG.LGD
3862603578,1883502,Virtus.pro,VP
3862603578,1838315,Team Secret,Secret
3862694365,1838315,Team Secret,Secret
3862694365,1883502,Virtus.pro,VP
3865436538,5229127,Winstrike,Winstrike
3865436538,67,paiN Gaming,paiN
3865542373,1838315,Team Secret,Secret
3865542373,543897,Mineski.E电竸,Mski.E电竸
3865715133,2163,Team Liquid,Liquid
3865715133,2586976,OG,OG
3865875641,2586976,OG,OG
3865875641,2163,Team Liquid,Liquid
3866060233,1883502,Virtus.pro,VP
3866060233,15,PSG.LGD,PSG.LGD
3866190562,15,PSG.LGD,PSG.LGD
3866190562,1883502,Virtus.pro,VP
3866278803,1883502,Virtus.pro,VP
3866278803,15,PSG.LGD,PSG.LGD
3867448152,2586976,OG,OG
3867448152,5229127,Winstrike,Winstrike
3867646351,543897,Mineski.E电竸,Mski.E电竸
3867646351,1883502,Virtus.pro,VP
3867862633,5229127,Winstrike,Winstrike
3867862633,1883502,Virtus.pro,VP
3868032433,1883502,Virtus.pro,VP
3868032433,5229127,Winstrike,Winstrike
3868240894,2163,Team Liquid,Liquid
3868240894,15,PSG.LGD,PSG.LGD
3868388262,15,PSG.LGD,PSG.LGD
3868388262,2163,Team Liquid,Liquid
3869862804,2163,Team Liquid,Liquid
3869862804,5229127,Winstrike,Winstrike
3870010503,5229127,Winstrike,Winstrike
3870010503,2163,Team Liquid,Liquid
3870156798,2163,Team Liquid,Liquid
3870156798,5229127,Winstrike,Winstrike
3870453145,15,PSG.LGD,PSG.LGD
3870453145,2163,Team Liquid,Liquid
3870602242,2163,Team Liquid,Liquid
3870602242,15,PSG.LGD,PSG.LGD
3870720136,2163,Team Liquid,Liquid
3870720136,15,PSG.LGD,PSG.LGD
3870838763,15,PSG.LGD,PSG.LGD
3870838763,2163,Team Liquid,Liquid
3875927432,2626685,KEEN GAMING,KG
3875927432,5031582,ALPHA Red,AR
3875992958,1838315,Team Secret,Secret
3875992958,2626685,KEEN GAMING,KG
3875993264,5031582,ALPHA Red,AR
3875993264,5059375,The Final Tribe,TFT
3876072976,5228654,VGJ Storm,VGJ.Storm
3876072976,3715574,SG e-sports team,SG
3876073925,350190,Fnatic,Fnatic
3876073925,5059375,The Final Tribe,TFT
3876175039,3715574,SG e-sports team,SG
3876175039,2626685,KEEN GAMING,KG
3876216637,350190,Fnatic,Fnatic
3876216637,1838315,Team Secret,Secret
3876303199,39,Evil Geniuses,EG
3876303199,2626685,KEEN GAMING,KG
3876357054,5228654,VGJ Storm,VGJ.Storm
3876357054,5059375,The Final Tribe,TFT
3876379841,350190,Fnatic,Fnatic
3876379841,5031582,ALPHA Red,AR
3876473522,39,Evil Geniuses,EG
3876473522,5031582,ALPHA Red,AR
3876477098,1838315,Team Secret,Secret
3876477098,5228654,VGJ Storm,VGJ.Storm
3876625338,2626685,KEEN GAMING,KG
3876625338,5059375,The Final Tribe,TFT
3876700964,39,Evil Geniuses,EG
3876700964,5228654,VGJ Storm,VGJ.Storm
3876799364,350190,Fnatic,Fnatic
3876799364,3715574,SG e-sports team,SG
3878216001,39,Evil Geniuses,EG
3878216001,5059375,The Final Tribe,TFT
3878219320,350190,Fnatic,Fnatic
3878219320,5228654,VGJ Storm,VGJ.Storm
3878292868,3715574,SG e-sports team,SG
3878292868,39,Evil Geniuses,EG
3878299774,1838315,Team Secret,Secret
3878299774,5059375,The Final Tribe,TFT
3878400949,5228654,VGJ Storm,VGJ.Storm
3878400949,2626685,KEEN GAMING,KG
3878402373,3715574,SG e-sports team,SG
3878402373,5031582,ALPHA Red,AR
3878503547,39,Evil Geniuses,EG
3878503547,1838315,Team Secret,Secret
3878505320,350190,Fnatic,Fnatic
3878505320,2626685,KEEN GAMING,KG
3878628302,3715574,SG e-sports team,SG
3878628302,5059375,The Final Tribe,TFT
3878630905,5228654,VGJ Storm,VGJ.Storm
3878630905,5031582,ALPHA Red,AR
3878728704,1838315,Team Secret,Secret
3878728704,5031582,ALPHA Red,AR
3878823750,350190,Fnatic,Fnatic
3878823750,39,Evil Geniuses,EG
3880844514,39,Evil Geniuses,EG
3880844514,2626685,KEEN GAMING,KG
3880950513,39,Evil Geniuses,EG
3880950513,2626685,KEEN GAMING,KG
3881057421,2626685,KEEN GAMING,KG
3881057421,39,Evil Geniuses,EG
3881230848,5228654,VGJ Storm,VGJ.Storm
3881230848,5059375,The Final Tribe,TFT
3881375246,5228654,VGJ Storm,VGJ.Storm
3881375246,5059375,The Final Tribe,TFT
3881561712,5059375,The Final Tribe,TFT
3881561712,5228654,VGJ Storm,VGJ.Storm
3883220784,1838315,Team Secret,Secret
3883220784,2626685,KEEN GAMING,KG
3883347356,2626685,KEEN GAMING,KG
3883347356,1838315,Team Secret,Secret
3883462744,1838315,Team Secret,Secret
3883462744,2626685,KEEN GAMING,KG
3883657400,5228654,VGJ Storm,VGJ.Storm
3883657400,350190,Fnatic,Fnatic
3883770492,5228654,VGJ Storm,VGJ.Storm
3883770492,350190,Fnatic,Fnatic
3884052012,5228654,VGJ Storm,VGJ.Storm
3884052012,2626685,KEEN GAMING,KG
3884218559,5228654,VGJ Storm,VGJ.Storm
3884218559,2626685,KEEN GAMING,KG
3888578614,1838315,Team Secret,Secret
3888578614,5065748,Infamous,Infamous
3888582250,2586976,OG,OG
3888582250,5,Invictus Gaming,iG
3888583323,2640025,iG.Vitality,iG.V
3888583323,543897,Mineski.E电竸,Mski.E电竸
3888633383,543897,Mineski.E电竸,Mski.E电竸
3888633383,2640025,iG.Vitality,iG.V
3888646761,5065748,Infamous,Infamous
3888646761,1838315,Team Secret,Secret
3888666303,2586976,OG,OG
3888666303,5,Invictus Gaming,iG
3888710999,2006913,Vega Squadron,Vega
3888710999,15,PSG.LGD,PSG.LGD
3888711624,1375614,Newbee,Newbee
3888711624,2108395,TNC Predator,TNC
3888767050,5228654,VGJ Storm,VGJ.Storm
3888767050,726228,Vici Gaming,VG
3888781364,15,PSG.LGD,PSG.LGD
3888781364,2006913,Vega Squadron,Vega
3888816314,2108395,TNC Predator,TNC
3888816314,1375614,Newbee,Newbee
3888855626,5228654,VGJ Storm,VGJ.Storm
3888855626,726228,Vici Gaming,VG
3888874291,2640025,iG.Vitality,iG.V
3888874291,2586976,OG,OG
3888897233,5065748,Infamous,Infamous
3888897233,5,Invictus Gaming,iG
3888974246,2586976,OG,OG
3888974246,2640025,iG.Vitality,iG.V
3888981415,5065748,Infamous,Infamous
3888981415,5,Invictus Gaming,iG
3889008004,543897,Mineski.E电竸,Mski.E电竸
3889008004,1838315,Team Secret,Secret
3889067271,726228,Vici Gaming,VG
3889067271,2108395,TNC Predator,TNC
3889095712,5228654,VGJ Storm,VGJ.Storm
3889095712,2006913,Vega Squadron,Vega
3889125363,543897,Mineski.E电竸,Mski.E电竸
3889125363,1838315,Team Secret,Secret
3889172765,2108395,TNC Predator,TNC
3889172765,726228,Vici Gaming,VG
3889219951,5228654,VGJ Storm,VGJ.Storm
3889219951,2006913,Vega Squadron,Vega
3889299301,15,PSG.LGD,PSG.LGD
3889299301,1375614,Newbee,Newbee
3889323628,2586976,OG,OG
3889323628,1838315,Team Secret,Secret
3889358128,543897,Mineski.E电竸,Mski.E电竸
3889358128,5065748,Infamous,Infamous
3889421559,1375614,Newbee,Newbee
3889421559,15,PSG.LGD,PSG.LGD
3889445646,1838315,Team Secret,Secret
3889445646,2586976,OG,OG
3889448283,5065748,Infamous,Infamous
3889448283,543897,Mineski.E电竸,Mski.E电竸
3889571850,2640025,iG.Vitality,iG.V
3889571850,5,Invictus Gaming,iG
3889772161,2640025,iG.Vitality,iG.V
3889772161,5,Invictus Gaming,iG
3890827984,2108395,TNC Predator,TNC
3890827984,5228654,VGJ Storm,VGJ.Storm
3890836890,1375614,Newbee,Newbee
3890836890,2006913,Vega Squadron,Vega
3890837233,15,PSG.LGD,PSG.LGD
3890837233,726228,Vici Gaming,VG
3890889267,2006913,Vega Squadron,Vega
3890889267,1375614,Newbee,Newbee
3890907673,726228,Vici Gaming,VG
3890907673,15,PSG.LGD,PSG.LGD
3890914266,5228654,VGJ Storm,VGJ.Storm
3890914266,2108395,TNC Predator,TNC
3890976184,1838315,Team Secret,Secret
3890976184,5,Invictus Gaming,iG
3891013861,5065748,Infamous,Infamous
3891013861,2640025,iG.Vitality,iG.V
3891024973,2586976,OG,OG
3891024973,543897,Mineski.E电竸,Mski.E电竸
3891064693,5,Invictus Gaming,iG
3891064693,1838315,Team Secret,Secret
3891085673,2640025,iG.Vitality,iG.V
3891085673,5065748,Infamous,Infamous
3891117294,543897,Mineski.E电竸,Mski.E电竸
3891117294,2586976,OG,OG
3891154355,2006913,Vega Squadron,Vega
3891154355,726228,Vici Gaming,VG
3891198578,5228654,VGJ Storm,VGJ.Storm
3891198578,1375614,Newbee,Newbee
3891216019,726228,Vici Gaming,VG
3891216019,2006913,Vega Squadron,Vega
3891255300,15,PSG.LGD,PSG.LGD
3891255300,2108395,TNC Predator,TNC
3891287696,5228654,VGJ Storm,VGJ.Storm
3891287696,1375614,Newbee,Newbee
3891341830,5065748,Infamous,Infamous
3891341830,2586976,OG,OG
3891349796,2108395,TNC Predator,TNC
3891349796,15,PSG.LGD,PSG.LGD
3891386864,1838315,Team Secret,Secret
3891386864,2640025,iG.Vitality,iG.V
3891428412,5065748,Infamous,Infamous
3891428412,2586976,OG,OG
3891483725,1375614,Newbee,Newbee
3891483725,726228,Vici Gaming,VG
3891494975,2640025,iG.Vitality,iG.V
3891494975,1838315,Team Secret,Secret
3891541020,2006913,Vega Squadron,Vega
3891541020,2108395,TNC Predator,TNC
3891589237,726228,Vici Gaming,VG
3891589237,1375614,Newbee,Newbee
3891640110,15,PSG.LGD,PSG.LGD
3891640110,5228654,VGJ Storm,VGJ.Storm
3891663985,2108395,TNC Predator,TNC
3891663985,2006913,Vega Squadron,Vega
3891750360,5228654,VGJ Storm,VGJ.Storm
3891750360,15,PSG.LGD,PSG.LGD
3891767458,543897,Mineski.E电竸,Mski.E电竸
3891767458,5,Invictus Gaming,iG
3891925312,5,Invictus Gaming,iG
3891925312,543897,Mineski.E电竸,Mski.E电竸
3893059114,5228654,VGJ Storm,VGJ.Storm
3893059114,2586976,OG,OG
3893117690,2586976,OG,OG
3893117690,5228654,VGJ Storm,VGJ.Storm
3893222060,543897,Mineski.E电竸,Mski.E电竸
3893222060,2108395,TNC Predator,TNC
3893314987,543897,Mineski.E电竸,Mski.E电竸
3893314987,2108395,TNC Predator,TNC
3893448698,5228654,VGJ Storm,VGJ.Storm
3893448698,1838315,Team Secret,Secret
3893538521,5228654,VGJ Storm,VGJ.Storm
3893538521,1838315,Team Secret,Secret
3893641241,5228654,VGJ Storm,VGJ.Storm
3893641241,1838315,Team Secret,Secret
3893763347,543897,Mineski.E电竸,Mski.E电竸
3893763347,726228,Vici Gaming,VG
3893895473,543897,Mineski.E电竸,Mski.E电竸
3893895473,726228,Vici Gaming,VG
3894049655,543897,Mineski.E电竸,Mski.E电竸
3894049655,726228,Vici Gaming,VG
3897647670,1375614,Newbee,Newbee
3897647670,5,Invictus Gaming,iG
3897828395,15,PSG.LGD,PSG.LGD
3897828395,2640025,iG.Vitality,iG.V
3898052688,2586976,OG,OG
3898052688,1375614,Newbee,Newbee
3898179475,1375614,Newbee,Newbee
3898179475,2586976,OG,OG
3898369901,15,PSG.LGD,PSG.LGD
3898369901,2108395,TNC Predator,TNC
3898537635,2108395,TNC Predator,TNC
3898537635,15,PSG.LGD,PSG.LGD
3898771485,15,PSG.LGD,PSG.LGD
3898771485,2108395,TNC Predator,TNC
3899640601,543897,Mineski.E电竸,Mski.E电竸
3899640601,1375614,Newbee,Newbee
3899726029,543897,Mineski.E电竸,Mski.E电竸
3899726029,1375614,Newbee,Newbee
3899867571,1838315,Team Secret,Secret
3899867571,15,PSG.LGD,PSG.LGD
3899984103,15,PSG.LGD,PSG.LGD
3899984103,1838315,Team Secret,Secret
3900169897,15,PSG.LGD,PSG.LGD
3900169897,1375614,Newbee,Newbee
3900280991,1375614,Newbee,Newbee
3900280991,15,PSG.LGD,PSG.LGD
3900489066,5228654,VGJ Storm,VGJ.Storm
3900489066,726228,Vici Gaming,VG
3900655955,726228,Vici Gaming,VG
3900655955,5228654,VGJ Storm,VGJ.Storm
3902374443,15,PSG.LGD,PSG.LGD
3902374443,726228,Vici Gaming,VG
3902498542,726228,Vici Gaming,VG
3902498542,15,PSG.LGD,PSG.LGD
3902849890,5228654,VGJ Storm,VGJ.Storm
3902849890,15,PSG.LGD,PSG.LGD
3902979731,15,PSG.LGD,PSG.LGD
3902979731,5228654,VGJ Storm,VGJ.Storm
3903099199,5228654,VGJ Storm,VGJ.Storm
3903099199,15,PSG.LGD,PSG.LGD
3908954812,2621843,Team. Spirit,TSpirit
3908954812,1883502,Virtus.pro,VP
3908965592,350190,Fnatic,Fnatic
3908965592,39,Evil Geniuses,EG
3909047737,2163,Team Liquid,Liquid
3909047737,67,paiN Gaming,paiN
3909090113,726228,Vici Gaming,VG
3909090113,2586976,OG,OG
3909169351,543897,Mineski.E电竸,Mski.E电竸
3909169351,3331948,LGD.Forever Young,LFY
3909251237,1375614,Newbee,Newbee
3909251237,5026801,OpTic Gaming,OpTic
3909327479,2621843,Team. Spirit,TSpirit
3909327479,39,Evil Geniuses,EG
3909391492,1883502,Virtus.pro,VP
3909391492,350190,Fnatic,Fnatic
3909460746,39,Evil Geniuses,EG
3909460746,2621843,Team. Spirit,TSpirit
3909514591,1883502,Virtus.pro,VP
3909514591,350190,Fnatic,Fnatic
3909634072,2163,Team Liquid,Liquid
3909634072,726228,Vici Gaming,VG
3909654281,2586976,OG,OG
3909654281,67,paiN Gaming,paiN
3909733428,726228,Vici Gaming,VG
3909733428,2163,Team Liquid,Liquid
3909760210,67,paiN Gaming,paiN
3909760210,2586976,OG,OG
3909837272,1375614,Newbee,Newbee
3909837272,3331948,LGD.Forever Young,LFY
3909857306,543897,Mineski.E电竸,Mski.E电竸
3909857306,5026801,OpTic Gaming,OpTic
3909907640,3331948,LGD.Forever Young,LFY
3909907640,1375614,Newbee,Newbee
3909951436,5026801,OpTic Gaming,OpTic
3909951436,543897,Mineski.E电竸,Mski.E电竸
3910005819,3331948,LGD.Forever Young,LFY
3910005819,1375614,Newbee,Newbee
3910028416,5026801,OpTic Gaming,OpTic
3910028416,543897,Mineski.E电竸,Mski.E电竸
3910845070,350190,Fnatic,Fnatic
3910845070,2621843,Team. Spirit,TSpirit
3910845348,1883502,Virtus.pro,VP
3910845348,2586976,OG,OG
3910932361,5026801,OpTic Gaming,OpTic
3910932361,1883502,Virtus.pro,VP
3910953977,350190,Fnatic,Fnatic
3910953977,2621843,Team. Spirit,TSpirit
3911032684,5026801,OpTic Gaming,OpTic
3911032684,2586976,OG,OG
3911051288,350190,Fnatic,Fnatic
3911051288,2621843,Team. Spirit,TSpirit
3911193264,2163,Team Liquid,Liquid
3911193264,67,paiN Gaming,paiN
3911317677,67,paiN Gaming,paiN
3911317677,2163,Team Liquid,Liquid
3911466745,2163,Team Liquid,Liquid
3911466745,67,paiN Gaming,paiN
3911582365,543897,Mineski.E电竸,Mski.E电竸
3911582365,3331948,LGD.Forever Young,LFY
3911695865,3331948,LGD.Forever Young,LFY
3911695865,543897,Mineski.E电竸,Mski.E电竸
3913069866,543897,Mineski.E电竸,Mski.E电竸
3913069866,67,paiN Gaming,paiN
3913231529,67,paiN Gaming,paiN
3913231529,543897,Mineski.E电竸,Mski.E电竸
3913433059,2586976,OG,OG
3913433059,350190,Fnatic,Fnatic
3913576985,2586976,OG,OG
3913576985,350190,Fnatic,Fnatic
3913692326,350190,Fnatic,Fnatic
3913692326,2586976,OG,OG
3915145827,1883502,Virtus.pro,VP
3915145827,67,paiN Gaming,paiN
3915279179,1883502,Virtus.pro,VP
3915279179,67,paiN Gaming,paiN
3915514948,350190,Fnatic,Fnatic
3915514948,5026801,OpTic Gaming,OpTic
3915648691,5026801,OpTic Gaming,OpTic
3915648691,350190,Fnatic,Fnatic
3915763230,350190,Fnatic,Fnatic
3915763230,5026801,OpTic Gaming,OpTic
3917076539,67,paiN Gaming,paiN
3917076539,350190,Fnatic,Fnatic
3917196768,67,paiN Gaming,paiN
3917196768,350190,Fnatic,Fnatic
3917323099,67,paiN Gaming,paiN
3917323099,350190,Fnatic,Fnatic
3917561625,1883502,Virtus.pro,VP
3917561625,5026801,OpTic Gaming,OpTic
3917700931,1883502,Virtus.pro,VP
3917700931,5026801,OpTic Gaming,OpTic
3917861323,1883502,Virtus.pro,VP
3917861323,5026801,OpTic Gaming,OpTic
3927969458,1883502,Virtus.pro,VP
3927969458,2108395,TNC Predator,TNC
3927969700,39,Evil Geniuses,EG
3927969700,726228,Vici Gaming,VG
3927970381,2621843,Team. Spirit,TSpirit
3927970381,2163,Team Liquid,Liquid
3927970658,1375614,Newbee,Newbee
3927970658,36,Natus Vincere,Na`Vi
3928022579,1883502,Virtus.pro,VP
3928022579,2108395,TNC Predator,TNC
3928032584,2163,Team Liquid,Liquid
3928032584,2621843,Team. Spirit,TSpirit
3928033510,36,Natus Vincere,Na`Vi
3928033510,1375614,Newbee,Newbee
3928034802,39,Evil Geniuses,EG
3928034802,726228,Vici Gaming,VG
3928080962,2163,Team Liquid,Liquid
3928080962,2621843,Team. Spirit,TSpirit
3928102591,1883502,Virtus.pro,VP
3928102591,2108395,TNC Predator,TNC
3928136472,1375614,Newbee,Newbee
3928136472,2163,Team Liquid,Liquid
3928234992,1883502,Virtus.pro,VP
3928234992,726228,Vici Gaming,VG
3928278244,2163,Team Liquid,Liquid
3928278244,1375614,Newbee,Newbee
3928337789,1883502,Virtus.pro,VP
3928337789,726228,Vici Gaming,VG
3928389527,2621843,Team. Spirit,TSpirit
3928389527,36,Natus Vincere,Na`Vi
3928462587,39,Evil Geniuses,EG
3928462587,2108395,TNC Predator,TNC
3928509645,36,Natus Vincere,Na`Vi
3928509645,2621843,Team. Spirit,TSpirit
3928620364,2108395,TNC Predator,TNC
3928620364,39,Evil Geniuses,EG
3928688563,2621843,Team. Spirit,TSpirit
3928688563,1375614,Newbee,Newbee
3928801490,726228,Vici Gaming,VG
3928801490,2108395,TNC Predator,TNC
3928837410,1375614,Newbee,Newbee
3928837410,2621843,Team. Spirit,TSpirit
3928936023,726228,Vici Gaming,VG
3928936023,2108395,TNC Predator,TNC
3929018213,1375614,Newbee,Newbee
3929018213,2621843,Team. Spirit,TSpirit
3930016447,5059375,The Final Tribe,TFT
3930016447,1838315,Team Secret,Secret
3930017604,5228654,VGJ Storm,VGJ.Storm
3930017604,543897,Mineski.E电竸,Mski.E电竸
3930018175,5026801,OpTic Gaming,OpTic
3930018175,5027210,VGJ Thunder,VGJ.T
3930055489,5065748,Infamous,Infamous
3930055489,15,PSG.LGD,PSG.LGD
3930082757,1838315,Team Secret,Secret
3930082757,5059375,The Final Tribe,TFT
3930084254,5026801,OpTic Gaming,OpTic
3930084254,5027210,VGJ Thunder,VGJ.T
3930123077,5065748,Infamous,Infamous
3930123077,15,PSG.LGD,PSG.LGD
3930125995,543897,Mineski.E电竸,Mski.E电竸
3930125995,5228654,VGJ Storm,VGJ.Storm
3930149324,1838315,Team Secret,Secret
3930149324,5059375,The Final Tribe,TFT
3930153082,5026801,OpTic Gaming,OpTic
3930153082,5027210,VGJ Thunder,VGJ.T
3930216789,543897,Mineski.E电竸,Mski.E电竸
3930216789,5228654,VGJ Storm,VGJ.Storm
3930266193,15,PSG.LGD,PSG.LGD
3930266193,5026801,OpTic Gaming,OpTic
3930343388,5228654,VGJ Storm,VGJ.Storm
3930343388,1838315,Team Secret,Secret
3930369369,5026801,OpTic Gaming,OpTic
3930369369,15,PSG.LGD,PSG.LGD
3930496811,1838315,Team Secret,Secret
3930496811,5228654,VGJ Storm,VGJ.Storm
3930501529,5065748,Infamous,Infamous
3930501529,5027210,VGJ Thunder,VGJ.T
3930614997,5027210,VGJ Thunder,VGJ.T
3930614997,5065748,Infamous,Infamous
3930642875,5059375,The Final Tribe,TFT
3930642875,543897,Mineski.E电竸,Mski.E电竸
3930746428,5026801,OpTic Gaming,OpTic
3930746428,5027210,VGJ Thunder,VGJ.T
3930752760,543897,Mineski.E电竸,Mski.E电竸
3930752760,5059375,The Final Tribe,TFT
3930871882,543897,Mineski.E电竸,Mski.E电竸
3930871882,5228654,VGJ Storm,VGJ.Storm
3930896312,5026801,OpTic Gaming,OpTic
3930896312,5027210,VGJ Thunder,VGJ.T
3930995463,5228654,VGJ Storm,VGJ.Storm
3930995463,543897,Mineski.E电竸,Mski.E电竸
3931151617,543897,Mineski.E电竸,Mski.E电竸
3931151617,5228654,VGJ Storm,VGJ.Storm
3932111656,2108395,TNC Predator,TNC
3932111656,2163,Team Liquid,Liquid
3932161077,2163,Team Liquid,Liquid
3932161077,2108395,TNC Predator,TNC
3932214146,5026801,OpTic Gaming,OpTic
3932214146,1838315,Team Secret,Secret
3932294528,1838315,Team Secret,Secret
3932294528,5026801,OpTic Gaming,OpTic
3932378219,1838315,Team Secret,Secret
3932378219,5026801,OpTic Gaming,OpTic
3932468492,39,Evil Geniuses,EG
3932468492,2621843,Team. Spirit,TSpirit
3932554750,39,Evil Geniuses,EG
3932554750,2621843,Team. Spirit,TSpirit
3932641464,39,Evil Geniuses,EG
3932641464,2621843,Team. Spirit,TSpirit
3932802156,5065748,Infamous,Infamous
3932802156,5228654,VGJ Storm,VGJ.Storm
3932948526,5228654,VGJ Storm,VGJ.Storm
3932948526,5065748,Infamous,Infamous
3933892648,1883502,Virtus.pro,VP
3933892648,1375614,Newbee,Newbee
3933935682,1883502,Virtus.pro,VP
3933935682,1375614,Newbee,Newbee
3933995420,1375614,Newbee,Newbee
3933995420,1883502,Virtus.pro,VP
3934056852,543897,Mineski.E电竸,Mski.E电竸
3934056852,15,PSG.LGD,PSG.LGD
3934135077,15,PSG.LGD,PSG.LGD
3934135077,543897,Mineski.E电竸,Mski.E电竸
3934197014,543897,Mineski.E电竸,Mski.E电竸
3934197014,15,PSG.LGD,PSG.LGD
3934299285,726228,Vici Gaming,VG
3934299285,36,Natus Vincere,Na`Vi
3934416979,726228,Vici Gaming,VG
3934416979,36,Natus Vincere,Na`Vi
3934531879,726228,Vici Gaming,VG
3934531879,36,Natus Vincere,Na`Vi
3934691232,5059375,The Final Tribe,TFT
3934691232,5027210,VGJ Thunder,VGJ.T
3934811274,5027210,VGJ Thunder,VGJ.T
3934811274,5059375,The Final Tribe,TFT
3935657118,39,Evil Geniuses,EG
3935657118,5026801,OpTic Gaming,OpTic
3935718039,5026801,OpTic Gaming,OpTic
3935718039,39,Evil Geniuses,EG
3935790916,5228654,VGJ Storm,VGJ.Storm
3935790916,2108395,TNC Predator,TNC
3935855156,5228654,VGJ Storm,VGJ.Storm
3935855156,2108395,TNC Predator,TNC
3935917464,2108395,TNC Predator,TNC
3935917464,5228654,VGJ Storm,VGJ.Storm
3936038407,726228,Vici Gaming,VG
3936038407,543897,Mineski.E电竸,Mski.E电竸
3936208040,543897,Mineski.E电竸,Mski.E电竸
3936208040,726228,Vici Gaming,VG
3936321758,543897,Mineski.E电竸,Mski.E电竸
3936321758,726228,Vici Gaming,VG
3936473615,1375614,Newbee,Newbee
3936473615,5027210,VGJ Thunder,VGJ.T
3936679099,1375614,Newbee,Newbee
3936679099,5027210,VGJ Thunder,VGJ.T
3937435514,2163,Team Liquid,Liquid
3937435514,1838315,Team Secret,Secret
3937484599,1838315,Team Secret,Secret
3937484599,2163,Team Liquid,Liquid
3937537639,1883502,Virtus.pro,VP
3937537639,15,PSG.LGD,PSG.LGD
3937609487,1883502,Virtus.pro,VP
3937609487,15,PSG.LGD,PSG.LGD
3937695236,2108395,TNC Predator,TNC
3937695236,5026801,OpTic Gaming,OpTic
3937770762,2108395,TNC Predator,TNC
3937770762,5026801,OpTic Gaming,OpTic
3937843537,726228,Vici Gaming,VG
3937843537,1375614,Newbee,Newbee
3937936341,1375614,Newbee,Newbee
3937936341,726228,Vici Gaming,VG
3941137339,1883502,Virtus.pro,VP
3941137339,5026801,OpTic Gaming,OpTic
3941208711,5026801,OpTic Gaming,OpTic
3941208711,1883502,Virtus.pro,VP
3941338408,1838315,Team Secret,Secret
3941338408,726228,Vici Gaming,VG
3941422211,726228,Vici Gaming,VG
3941422211,1838315,Team Secret,Secret
3941608894,1838315,Team Secret,Secret
3941608894,1883502,Virtus.pro,VP
3941740660,1838315,Team Secret,Secret
3941740660,1883502,Virtus.pro,VP
3941931884,1883502,Virtus.pro,VP
3941931884,1838315,Team Secret,Secret
3942119450,15,PSG.LGD,PSG.LGD
3942119450,2163,Team Liquid,Liquid
3942260942,2163,Team Liquid,Liquid
3942260942,15,PSG.LGD,PSG.LGD
3943204781,1883502,Virtus.pro,VP
3943204781,15,PSG.LGD,PSG.LGD
3943262880,15,PSG.LGD,PSG.LGD
3943262880,1883502,Virtus.pro,VP
3943365614,15,PSG.LGD,PSG.LGD
3943365614,1883502,Virtus.pro,VP
3943547236,1883502,Virtus.pro,VP
3943547236,2163,Team Liquid,Liquid
3943673479,2163,Team Liquid,Liquid
3943673479,1883502,Virtus.pro,VP
3943790375,1883502,Virtus.pro,VP
3943790375,2163,Team Liquid,Liquid
3943893584,1883502,Virtus.pro,VP
3943893584,2163,Team Liquid,Liquid
3943981461,2163,Team Liquid,Liquid
3943981461,1883502,Virtus.pro,VP
