match_id,league_id,league_name,league_tier,series_id,series_type
3497210298,5579,SL i-League Invitational Season 3,premium,169207,1
3497321153,5579,SL i-League Invitational Season 3,premium,169207,1
3497486752,5579,SL i-League Invitational Season 3,premium,169226,1
3497644587,5579,SL i-League Invitational Season 3,premium,169226,1
3497783131,5579,SL i-League Invitational Season 3,premium,169265,1
3497871676,5579,SL i-League Invitational Season 3,premium,169265,1
3498943075,5579,SL i-League Invitational Season 3,premium,169431,1
3499021213,5579,SL i-League Invitational Season 3,premium,169431,1
3499189988,5579,SL i-League Invitational Season 3,premium,169451,1
3499317276,5579,SL i-League Invitational Season 3,premium,169451,1
3499441200,5579,SL i-League Invitational Season 3,premium,169451,1
3499706053,5579,SL i-League Invitational Season 3,premium,169526,1
3499794356,5579,SL i-League Invitational Season 3,premium,169526,1
3499877802,5579,SL i-League Invitational Season 3,premium,169526,1
3500681821,5579,SL i-League Invitational Season 3,premium,169659,1
3500808603,5579,SL i-League Invitational Season 3,premium,169659,1
3500940692,5579,SL i-League Invitational Season 3,premium,169697,1
3501029072,5579,SL i-League Invitational Season 3,premium,169697,1
3501171242,5579,SL i-League Invitational Season 3,premium,169725,1
3501298785,5579,SL i-League Invitational Season 3,premium,169725,1
3501476143,5579,SL i-League Invitational Season 3,premium,169773,1
3501629071,5579,SL i-League Invitational Season 3,premium,169773,1
3503238328,5579,SL i-League Invitational Season 3,premium,170133,1
3503356454,5579,SL i-League Invitational Season 3,premium,170133,1
3503484791,5579,SL i-League Invitational Season 3,premium,170133,1
3503666230,5579,SL i-League Invitational Season 3,premium,170195,1
3503821664,5579,SL i-League Invitational Season 3,premium,170195,1
3504026309,5579,SL i-League Invitational Season 3,premium,170268,2
3504143591,5579,SL i-League Invitational Season 3,premium,170268,2
3504247873,5579,SL i-League Invitational Season 3,premium,170268,2
3504319604,5579,SL i-League Invitational Season 3,premium,170268,2
3510246936,5616,PGL DOTA2 OPEN,premium,171047,1
3510336243,5616,PGL DOTA2 OPEN,premium,171047,1
3510438236,5616,PGL DOTA2 OPEN,premium,171063,1
3510553812,5616,PGL DOTA2 OPEN,premium,171063,1
3510754649,5616,PGL DOTA2 OPEN,premium,171101,1
3510863606,5616,PGL DOTA2 OPEN,premium,171101,1
3510962398,5616,PGL DOTA2 OPEN,premium,171101,1
3511978899,5616,PGL DOTA2 OPEN,premium,171312,1
3512070513,5616,PGL DOTA2 OPEN,premium,171312,1
3512155023,5616,PGL DOTA2 OPEN,premium,171312,1
3512362213,5616,PGL DOTA2 OPEN,premium,171346,1
3512486544,5616,PGL DOTA2 OPEN,premium,171346,1
3512659037,5616,PGL DOTA2 OPEN,premium,171346,1
3512834415,5616,PGL DOTA2 OPEN,premium,171439,1
3512927755,5616,PGL DOTA2 OPEN,premium,171439,1
3513925951,5616,PGL DOTA2 OPEN,premium,171625,1
3514072083,5616,PGL DOTA2 OPEN,premium,171625,1
3514197106,5616,PGL DOTA2 OPEN,premium,171661,1
3514295555,5616,PGL DOTA2 OPEN,premium,171661,1
3514434560,5616,PGL DOTA2 OPEN,premium,171661,1
3514623311,5616,PGL DOTA2 OPEN,premium,171733,1
3514757987,5616,PGL DOTA2 OPEN,premium,171733,1
3514905769,5616,PGL DOTA2 OPEN,premium,171733,1
3515093661,5616,PGL DOTA2 OPEN,premium,171842,1
3515227412,5616,PGL DOTA2 OPEN,premium,171842,1
3516243542,5616,PGL DOTA2 OPEN,premium,172071,1
3516351567,5616,PGL DOTA2 OPEN,premium,172071,1
3516454982,5616,PGL DOTA2 OPEN,premium,172071,1
3516590405,5616,PGL DOTA2 OPEN,premium,172113,1
3516707269,5616,PGL DOTA2 OPEN,premium,172113,1
3516949272,5616,PGL DOTA2 OPEN,premium,172173,1
3517070424,5616,PGL DOTA2 OPEN,premium,172173,1
3524002856,5609,ESL One Hamburg 2017,premium,0,0
3524160050,5609,ESL One Hamburg 2017,premium,0,0
3524294817,5609,ESL One Hamburg 2017,premium,0,0
3524404781,5609,ESL One Hamburg 2017,premium,0,0
3525348758,5609,ESL One Hamburg 2017,premium,173192,1
3525446194,5609,ESL One Hamburg 2017,premium,173192,1
3525554974,5609,ESL One Hamburg 2017,premium,173192,1
3525706372,5609,ESL One Hamburg 2017,premium,173232,1
3525840237,5609,ESL One Hamburg 2017,premium,173232,1
3525994644,5609,ESL One Hamburg 2017,premium,173232,1
3526144076,5609,ESL One Hamburg 2017,premium,173277,1
3526248657,5609,ESL One Hamburg 2017,premium,173277,1
3527298693,5609,ESL One Hamburg 2017,premium,173462,1
3527440319,5609,ESL One Hamburg 2017,premium,173462,1
3527626946,5609,ESL One Hamburg 2017,premium,173462,1
3527818741,5609,ESL One Hamburg 2017,premium,173571,1
3527949029,5609,ESL One Hamburg 2017,premium,173571,1
3528123483,5609,ESL One Hamburg 2017,premium,173571,1
3528329524,5609,ESL One Hamburg 2017,premium,173674,1
3528450522,5609,ESL One Hamburg 2017,premium,173702,1
3529546799,5609,ESL One Hamburg 2017,premium,173872,1
3529685872,5609,ESL One Hamburg 2017,premium,173872,1
3529812480,5609,ESL One Hamburg 2017,premium,173872,1
3530018295,5609,ESL One Hamburg 2017,premium,173943,1
3530161568,5609,ESL One Hamburg 2017,premium,173943,1
3530260459,5609,ESL One Hamburg 2017,premium,173943,1
3530401688,5609,ESL One Hamburg 2017,premium,174032,1
3530486844,5609,ESL One Hamburg 2017,premium,174032,1
3537526907,5690,AMD SAPPHIRE Dota PIT,premium,174781,1
3537662528,5690,AMD SAPPHIRE Dota PIT,premium,174781,1
3537800215,5690,AMD SAPPHIRE Dota PIT,premium,174781,1
3538073823,5690,AMD SAPPHIRE Dota PIT,premium,174826,1
3538209536,5690,AMD SAPPHIRE Dota PIT,premium,174826,1
3538372616,5690,AMD SAPPHIRE Dota PIT,premium,174862,1
3538465716,5690,AMD SAPPHIRE Dota PIT,premium,174862,1
3539645043,5690,AMD SAPPHIRE Dota PIT,premium,174989,1
3539833160,5690,AMD SAPPHIRE Dota PIT,premium,174989,1
3539980173,5690,AMD SAPPHIRE Dota PIT,premium,174989,1
3540226851,5690,AMD SAPPHIRE Dota PIT,premium,175048,1
3540395141,5690,AMD SAPPHIRE Dota PIT,premium,175048,1
3540529925,5690,AMD SAPPHIRE Dota PIT,premium,175048,1
3540681433,5690,AMD SAPPHIRE Dota PIT,premium,175141,1
3540802315,5690,AMD SAPPHIRE Dota PIT,premium,175141,1
3541962187,5690,AMD SAPPHIRE Dota PIT,premium,0,0
3542160201,5690,AMD SAPPHIRE Dota PIT,premium,0,0
3542359881,5690,AMD SAPPHIRE Dota PIT,premium,0,0
3542603444,5690,AMD SAPPHIRE Dota PIT,premium,0,0
3542800810,5690,AMD SAPPHIRE Dota PIT,premium,0,0
3542962816,5690,AMD SAPPHIRE Dota PIT,premium,175451,1
3543084625,5690,AMD SAPPHIRE Dota PIT,premium,175451,1
3544380687,5690,AMD SAPPHIRE Dota PIT,premium,175671,1
3544548127,5690,AMD SAPPHIRE Dota PIT,premium,175671,1
3544710395,5690,AMD SAPPHIRE Dota PIT,premium,175671,1
3544999229,5690,AMD SAPPHIRE Dota PIT,premium,175774,2
3545125310,5690,AMD SAPPHIRE Dota PIT,premium,175774,2
3545253155,5690,AMD SAPPHIRE Dota PIT,premium,175774,2
3545330410,5690,AMD SAPPHIRE Dota PIT,premium,175774,2
3545411013,5690,AMD SAPPHIRE Dota PIT,premium,175774,2
3570053039,5637,Perfect World Masters,premium,179433,1
3570059287,5637,Perfect World Masters,premium,179435,1
3570130016,5637,Perfect World Masters,premium,179435,1
3570136285,5637,Perfect World Masters,premium,179433,1
3570219677,5637,Perfect World Masters,premium,179473,1
3570234217,5637,Perfect World Masters,premium,179475,1
3570352646,5637,Perfect World Masters,premium,179473,1
3570353578,5637,Perfect World Masters,premium,179475,1
3570459988,5637,Perfect World Masters,premium,179513,1
3570584164,5637,Perfect World Masters,premium,179537,1
3570592363,5637,Perfect World Masters,premium,179513,1
3570692321,5637,Perfect World Masters,premium,179537,1
3570704604,5637,Perfect World Masters,premium,179553,1
3570802617,5637,Perfect World Masters,premium,179553,1
3570818280,5637,Perfect World Masters,premium,179566,1
3570955781,5637,Perfect World Masters,premium,179566,1
3570981816,5637,Perfect World Masters,premium,179585,1
3571097519,5637,Perfect World Masters,premium,179585,1
3571101436,5637,Perfect World Masters,premium,179602,1
3571242499,5637,Perfect World Masters,premium,179602,1
3572054448,5637,Perfect World Masters,premium,179898,1
3572056357,5637,Perfect World Masters,premium,179899,1
3572109722,5637,Perfect World Masters,premium,179899,1
3572114989,5637,Perfect World Masters,premium,179898,1
3572167253,5637,Perfect World Masters,premium,179922,1
3572179567,5637,Perfect World Masters,premium,179924,1
3572227754,5637,Perfect World Masters,premium,179924,1
3572228268,5637,Perfect World Masters,premium,179922,1
3572306807,5637,Perfect World Masters,premium,179929,1
3572319102,5637,Perfect World Masters,premium,179931,1
3572369074,5637,Perfect World Masters,premium,179929,1
3572385680,5637,Perfect World Masters,premium,179931,1
3572448805,5637,Perfect World Masters,premium,179946,1
3572453085,5637,Perfect World Masters,premium,179948,1
3572510732,5637,Perfect World Masters,premium,179946,1
3572527922,5637,Perfect World Masters,premium,179948,1
3572608314,5637,Perfect World Masters,premium,179965,1
3572625996,5637,Perfect World Masters,premium,179968,1
3572696340,5637,Perfect World Masters,premium,179965,1
3572702903,5637,Perfect World Masters,premium,179968,1
3575335731,5637,Perfect World Masters,premium,180380,1
3575387841,5637,Perfect World Masters,premium,180380,1
3575435612,5637,Perfect World Masters,premium,180380,1
3575552622,5637,Perfect World Masters,premium,180412,1
3575628185,5637,Perfect World Masters,premium,180412,1
3575732914,5637,Perfect World Masters,premium,180429,1
3575810910,5637,Perfect World Masters,premium,180429,1
3576960284,5637,Perfect World Masters,premium,180616,1
3577011190,5637,Perfect World Masters,premium,180616,1
3577069088,5637,Perfect World Masters,premium,180616,1
3577149391,5637,Perfect World Masters,premium,180631,1
3577220071,5637,Perfect World Masters,premium,180631,1
3577286940,5637,Perfect World Masters,premium,180631,1
3577403300,5637,Perfect World Masters,premium,180653,1
3577491695,5637,Perfect World Masters,premium,180653,1
3578689020,5637,Perfect World Masters,premium,180780,1
3578770128,5637,Perfect World Masters,premium,0,0
3578831574,5637,Perfect World Masters,premium,180796,1
3578907393,5637,Perfect World Masters,premium,180796,1
3578989936,5637,Perfect World Masters,premium,180796,1
3579099469,5637,Perfect World Masters,premium,180815,1
3579202701,5637,Perfect World Masters,premium,180815,1
3580613127,5637,Perfect World Masters,premium,180980,1
3580676580,5637,Perfect World Masters,premium,180980,1
3580785184,5637,Perfect World Masters,premium,180980,1
3580920775,5637,Perfect World Masters,premium,181009,1
3581002972,5637,Perfect World Masters,premium,181009,1
3581095967,5637,Perfect World Masters,premium,181009,1
3581277522,5637,Perfect World Masters,premium,181060,1
3581372542,5637,Perfect World Masters,premium,181060,1
3583359836,5637,Perfect World Masters,premium,181349,2
3583479175,5637,Perfect World Masters,premium,181349,2
3583630926,5637,Perfect World Masters,premium,181349,2
3592347071,5627,DreamLeague season 8,premium,182477,1
3592392708,5627,DreamLeague season 8,premium,182481,1
3592440441,5627,DreamLeague season 8,premium,182477,1
3592497127,5627,DreamLeague season 8,premium,182488,1
3592614727,5627,DreamLeague season 8,premium,182477,1
3592641601,5627,DreamLeague season 8,premium,182497,1
3592768996,5627,DreamLeague season 8,premium,182497,1
3592887792,5627,DreamLeague season 8,premium,182516,1
3592959842,5627,DreamLeague season 8,premium,182520,1
3593038122,5627,DreamLeague season 8,premium,182516,1
3593135264,5627,DreamLeague season 8,premium,182520,1
3593194086,5627,DreamLeague season 8,premium,182556,1
3593239494,5627,DreamLeague season 8,premium,182520,1
3593288991,5627,DreamLeague season 8,premium,182556,1
3593334179,5627,DreamLeague season 8,premium,182579,1
3593368959,5627,DreamLeague season 8,premium,182556,1
3593412291,5627,DreamLeague season 8,premium,182579,1
3593471736,5627,DreamLeague season 8,premium,182598,1
3593531837,5627,DreamLeague season 8,premium,182598,1
3594381943,5627,DreamLeague season 8,premium,182690,1
3594540805,5627,DreamLeague season 8,premium,182690,1
3594714448,5627,DreamLeague season 8,premium,182739,1
3594879358,5627,DreamLeague season 8,premium,182739,1
3595023144,5627,DreamLeague season 8,premium,182739,1
3595192440,5627,DreamLeague season 8,premium,182809,1
3595326728,5627,DreamLeague season 8,premium,182809,1
3595430302,5627,DreamLeague season 8,premium,182809,1
3595557830,5627,DreamLeague season 8,premium,182854,1
3595635564,5627,DreamLeague season 8,premium,182854,1
3596688904,5627,DreamLeague season 8,premium,182996,1
3596803540,5627,DreamLeague season 8,premium,182996,1
3597031137,5627,DreamLeague season 8,premium,183047,1
3597234172,5627,DreamLeague season 8,premium,183078,2
3597401325,5627,DreamLeague season 8,premium,183078,2
3604953487,5504,2017 Mars Dota 2 League,professional,0,0
3604955649,5504,2017 Mars Dota 2 League,professional,0,0
3605018496,5504,2017 Mars Dota 2 League,professional,0,0
3605037754,5504,2017 Mars Dota 2 League,professional,0,0
3605073008,5504,2017 Mars Dota 2 League,professional,0,0
3605087164,5504,2017 Mars Dota 2 League,professional,0,0
3605148046,5504,2017 Mars Dota 2 League,professional,0,0
3605162043,5504,2017 Mars Dota 2 League,professional,0,0
3605234811,5504,2017 Mars Dota 2 League,professional,0,0
3605239055,5504,2017 Mars Dota 2 League,professional,0,0
3605319407,5504,2017 Mars Dota 2 League,professional,0,0
3605341105,5504,2017 Mars Dota 2 League,professional,0,0
3605412047,5504,2017 Mars Dota 2 League,professional,0,0
3605472318,5504,2017 Mars Dota 2 League,professional,0,0
3605489927,5504,2017 Mars Dota 2 League,professional,0,0
3605580580,5504,2017 Mars Dota 2 League,professional,0,0
3605614743,5504,2017 Mars Dota 2 League,professional,0,0
3605691617,5504,2017 Mars Dota 2 League,professional,0,0
3606843421,5504,2017 Mars Dota 2 League,professional,0,0
3606848244,5504,2017 Mars Dota 2 League,professional,0,0
3606910502,5504,2017 Mars Dota 2 League,professional,0,0
3606941562,5504,2017 Mars Dota 2 League,professional,0,0
3607008645,5504,2017 Mars Dota 2 League,professional,0,0
3607013095,5504,2017 Mars Dota 2 League,professional,0,0
3607109048,5504,2017 Mars Dota 2 League,professional,0,0
3607111763,5504,2017 Mars Dota 2 League,professional,0,0
3607188587,5504,2017 Mars Dota 2 League,professional,0,0
3607198017,5504,2017 Mars Dota 2 League,professional,0,0
3607291192,5504,2017 Mars Dota 2 League,professional,0,0
3607331394,5504,2017 Mars Dota 2 League,professional,0,0
3607359766,5504,2017 Mars Dota 2 League,professional,0,0
3607412308,5504,2017 Mars Dota 2 League,professional,0,0
3607459375,5504,2017 Mars Dota 2 League,professional,0,0
3607511920,5504,2017 Mars Dota 2 League,professional,0,0
3607539060,5504,2017 Mars Dota 2 League,professional,0,0
3607631172,5504,2017 Mars Dota 2 League,professional,0,0
3609079759,5504,2017 Mars Dota 2 League,professional,184598,1
3609225559,5504,2017 Mars Dota 2 League,professional,184598,1
3609602443,5504,2017 Mars Dota 2 League,professional,184650,1
3609753657,5504,2017 Mars Dota 2 League,professional,184650,1
3609945974,5504,2017 Mars Dota 2 League,professional,184704,1
3610090295,5504,2017 Mars Dota 2 League,professional,184704,1
3616214571,5850,Dota Summit 8,premium,185510,1
3616300576,5850,Dota Summit 8,premium,185510,1
3616383122,5850,Dota Summit 8,premium,185510,1
3616461072,5850,Dota Summit 8,premium,185555,1
3616514538,5850,Dota Summit 8,premium,185559,1
3616571379,5850,Dota Summit 8,premium,185559,2
3616622623,5850,Dota Summit 8,premium,185570,2
3616664521,5850,Dota Summit 8,premium,185572,2
3616712080,5850,Dota Summit 8,premium,185572,2
3618204345,5850,Dota Summit 8,premium,185793,2
3618313643,5850,Dota Summit 8,premium,185793,2
3618354768,5850,Dota Summit 8,premium,185793,2
3620078284,5850,Dota Summit 8,premium,185913,2
3620201501,5850,Dota Summit 8,premium,185913,2
3620299194,5850,Dota Summit 8,premium,185913,2
3620675836,5850,Dota Summit 8,premium,186002,2
3620742450,5850,Dota Summit 8,premium,186002,2
3620796674,5850,Dota Summit 8,premium,186002,2
3622490608,5850,Dota Summit 8,premium,186219,2
3622599446,5850,Dota Summit 8,premium,186219,2
3622722921,5850,Dota Summit 8,premium,186219,2
3622880958,5850,Dota Summit 8,premium,186299,1
3622964324,5850,Dota Summit 8,premium,186299,1
3623062792,5850,Dota Summit 8,premium,186327,1
3623123807,5850,Dota Summit 8,premium,186327,1
3623193404,5850,Dota Summit 8,premium,186327,1
3624843844,5850,Dota Summit 8,premium,186519,1
3624958444,5850,Dota Summit 8,premium,186519,1
3625065137,5850,Dota Summit 8,premium,186563,1
3625160730,5850,Dota Summit 8,premium,186563,1
3625232006,5850,Dota Summit 8,premium,186563,1
3625315335,5850,Dota Summit 8,premium,186619,2
3625366950,5850,Dota Summit 8,premium,186619,2
3625422067,5850,Dota Summit 8,premium,186619,2
3625490002,5850,Dota Summit 8,premium,186619,2
3660362209.0,5688.0,,,0.0,0.0
3660378428,5688,Captains Draft 4.0 Minor,premium,0,0
3660451515.0,5688.0,,,0.0,0.0
3660475817.0,5688.0,,,0.0,0.0
3660560361.0,5688.0,,,0.0,0.0
3660612899.0,5688.0,,,0.0,0.0
3660651721.0,5688.0,,,0.0,0.0
3660720013.0,5688.0,,,0.0,0.0
3660724526.0,5688.0,,,0.0,0.0
3660803130.0,5688.0,,,0.0,0.0
3662259479.0,5688.0,,,190187.0,1.0
3662371483.0,5688.0,,,190187.0,1.0
3662517281.0,5688.0,,,190232.0,1.0
3662626622.0,5688.0,,,190232.0,1.0
3662702352.0,5688.0,,,190232.0,1.0
3662819539.0,5688.0,,,190271.0,1.0
3662885812.0,5688.0,,,190271.0,1.0
3664284504.0,5688.0,,,190414.0,1.0
3664386030.0,5688.0,,,190414.0,1.0
3664563145.0,5688.0,,,190454.0,1.0
3664688423.0,5688.0,,,190454.0,1.0
3664912288.0,5688.0,,,190507.0,1.0
3664972517.0,5688.0,,,190507.0,1.0
3666543344.0,5688.0,,,190672.0,2.0
3666647813.0,5688.0,,,190672.0,2.0
3666744360.0,5688.0,,,190672.0,2.0
3666821068.0,5688.0,,,190672.0,2.0
3666921836.0,5688.0,,,190672.0,2.0
3694561853,8093,ESL One Genting 2018,premium,0,0
3694593671,8093,ESL One Genting 2018,premium,0,0
3694623523,8093,ESL One Genting 2018,premium,0,0
3694672680,8093,ESL One Genting 2018,premium,0,0
3694695589,8093,ESL One Genting 2018,premium,0,0
3694760597,8093,ESL One Genting 2018,premium,0,0
3694775908,8093,ESL One Genting 2018,premium,0,0
3694837394,8093,ESL One Genting 2018,premium,0,0
3694856512,8093,ESL One Genting 2018,premium,194238,1
3694904506,8093,ESL One Genting 2018,premium,194243,1
3694940772,8093,ESL One Genting 2018,premium,194238,1
3695005031,8093,ESL One Genting 2018,premium,194243,1
3695009268,8093,ESL One Genting 2018,premium,194251,1
3695087532,8093,ESL One Genting 2018,premium,194251,1
3695119172,8093,ESL One Genting 2018,premium,194259,1
3695226002,8093,ESL One Genting 2018,premium,194251,1
3695231259,8093,ESL One Genting 2018,premium,194259,1
3696227516,8093,ESL One Genting 2018,premium,194403,1
3696233055,8093,ESL One Genting 2018,premium,194404,1
3696286347,8093,ESL One Genting 2018,premium,194403,1
3696306464,8093,ESL One Genting 2018,premium,194404,1
3696337562,8093,ESL One Genting 2018,premium,194411,1
3696361086,8093,ESL One Genting 2018,premium,194404,1
3696416896,8093,ESL One Genting 2018,premium,194416,1
3696424993,8093,ESL One Genting 2018,premium,194411,1
3696501908,8093,ESL One Genting 2018,premium,194416,1
3696537358,8093,ESL One Genting 2018,premium,194422,1
3696594852,8093,ESL One Genting 2018,premium,194425,1
3696618477,8093,ESL One Genting 2018,premium,194422,1
3696703002,8093,ESL One Genting 2018,premium,194425,1
3696802285,8093,ESL One Genting 2018,premium,194422,1
3697932209,8093,ESL One Genting 2018,premium,194559,1
3697932551,8093,ESL One Genting 2018,premium,194560,1
3698002964,8093,ESL One Genting 2018,premium,194559,1
3698009748,8093,ESL One Genting 2018,premium,194560,1
3698067186,8093,ESL One Genting 2018,premium,194559,1
3698091718,8093,ESL One Genting 2018,premium,194567,1
3698141876,8093,ESL One Genting 2018,premium,194570,1
3698163097,8093,ESL One Genting 2018,premium,194567,1
3698238849,8093,ESL One Genting 2018,premium,194567,1
3698247222,8093,ESL One Genting 2018,premium,194570,1
3698322743,8093,ESL One Genting 2018,premium,194579,1
3698342712,8093,ESL One Genting 2018,premium,194580,1
3698403352,8093,ESL One Genting 2018,premium,194579,1
3698427295,8093,ESL One Genting 2018,premium,194580,1
3698556611,8093,ESL One Genting 2018,premium,194580,1
3699841826,8093,ESL One Genting 2018,premium,194797,1
3699928943,8093,ESL One Genting 2018,premium,194797,1
3700059851,8093,ESL One Genting 2018,premium,194808,1
3700150918,8093,ESL One Genting 2018,premium,194808,1
3701815840,8093,ESL One Genting 2018,premium,195100,1
3701923243,8093,ESL One Genting 2018,premium,195100,1
3702089496,8093,ESL One Genting 2018,premium,195137,1
3702177241,8093,ESL One Genting 2018,premium,195137,1
3703866531,8093,ESL One Genting 2018,premium,195407,2
3703959697,8093,ESL One Genting 2018,premium,195407,2
3704076062,8093,ESL One Genting 2018,premium,195407,2
3704183534,8093,ESL One Genting 2018,premium,195407,2
3704280890,8093,ESL One Genting 2018,premium,195407,2
3710610589,9579,SL i-League Invitational Season 4,premium,196298,1
3710659933,9579,SL i-League Invitational Season 4,premium,196298,1
3710771742,9579,SL i-League Invitational Season 4,premium,196311,1
3710846471,9579,SL i-League Invitational Season 4,premium,196311,1
3710951598,9579,SL i-League Invitational Season 4,premium,196320,1
3711037338,9579,SL i-League Invitational Season 4,premium,196320,1
3712282967,9579,SL i-League Invitational Season 4,premium,196508,1
3712338559,9579,SL i-League Invitational Season 4,premium,196508,1
3712487457,9579,SL i-League Invitational Season 4,premium,196530,1
3712573013,9579,SL i-League Invitational Season 4,premium,196530,1
3712656854,9579,SL i-League Invitational Season 4,premium,196530,1
3712778240,9579,SL i-League Invitational Season 4,premium,196547,1
3712904364,9579,SL i-League Invitational Season 4,premium,196547,1
3713023478,9579,SL i-League Invitational Season 4,premium,196547,1
3713946952,9579,SL i-League Invitational Season 4,premium,196680,1
3714008269,9579,SL i-League Invitational Season 4,premium,196680,1
3714117760,9579,SL i-League Invitational Season 4,premium,196703,1
3714224218,9579,SL i-League Invitational Season 4,premium,196703,1
3714317072,9579,SL i-League Invitational Season 4,premium,196703,1
3714460796,9579,SL i-League Invitational Season 4,premium,196745,1
3714549210,9579,SL i-League Invitational Season 4,premium,196745,1
3714669164,9579,SL i-League Invitational Season 4,premium,196745,1
3714829316,9579,SL i-League Invitational Season 4,premium,196784,1
3714953219,9579,SL i-League Invitational Season 4,premium,196784,1
3715113464,9579,SL i-League Invitational Season 4,premium,196784,1
3715991149,9579,SL i-League Invitational Season 4,premium,196979,1
3716044674,9579,SL i-League Invitational Season 4,premium,196979,1
3716172156,9579,SL i-League Invitational Season 4,premium,197019,1
3716269301,9579,SL i-League Invitational Season 4,premium,197019,1
3716503818,9579,SL i-League Invitational Season 4,premium,197053,2
3716642134,9579,SL i-League Invitational Season 4,premium,197053,2
3716722821,9579,SL i-League Invitational Season 4,premium,197053,2
3716818051,9579,SL i-League Invitational Season 4,premium,197053,2
3743740299,9633,ESL One Katowice 2018 powered by Intel,premium,0,0
3743753906,9633,ESL One Katowice 2018 powered by Intel,premium,0,0
3743825941,9633,ESL One Katowice 2018 powered by Intel,premium,0,0
3743877987,9633,ESL One Katowice 2018 powered by Intel,premium,0,0
3743930304,9633,ESL One Katowice 2018 powered by Intel,premium,0,0
3743984381,9633,ESL One Katowice 2018 powered by Intel,premium,0,0
3744068304,9633,ESL One Katowice 2018 powered by Intel,premium,0,0
3744092341,9633,ESL One Katowice 2018 powered by Intel,premium,0,0
3744175111,9633,ESL One Katowice 2018 powered by Intel,premium,201248,1
3744215830,9633,ESL One Katowice 2018 powered by Intel,premium,201257,1
3744260553,9633,ESL One Katowice 2018 powered by Intel,premium,201248,1
3744321987,9633,ESL One Katowice 2018 powered by Intel,premium,201257,1
3744340908,9633,ESL One Katowice 2018 powered by Intel,premium,201281,1
3744407716,9633,ESL One Katowice 2018 powered by Intel,premium,201257,1
3744421491,9633,ESL One Katowice 2018 powered by Intel,premium,201281,1
3744481509,9633,ESL One Katowice 2018 powered by Intel,premium,201313,1
3744484565,9633,ESL One Katowice 2018 powered by Intel,premium,201281,1
3744526729,9633,ESL One Katowice 2018 powered by Intel,premium,201313,1
3745245550,9633,ESL One Katowice 2018 powered by Intel,premium,201389,1
3745246720,9633,ESL One Katowice 2018 powered by Intel,premium,201390,1
3745305291,9633,ESL One Katowice 2018 powered by Intel,premium,201389,1
3745319965,9633,ESL One Katowice 2018 powered by Intel,premium,201390,1
3745418286,9633,ESL One Katowice 2018 powered by Intel,premium,201396,1
3745429518,9633,ESL One Katowice 2018 powered by Intel,premium,201401,1
3745527313,9633,ESL One Katowice 2018 powered by Intel,premium,201396,1
3745532996,9633,ESL One Katowice 2018 powered by Intel,premium,201401,1
3745654838,9633,ESL One Katowice 2018 powered by Intel,premium,201401,1
3745657452,9633,ESL One Katowice 2018 powered by Intel,premium,201428,1
3745732943,9633,ESL One Katowice 2018 powered by Intel,premium,201428,1
3745760706,9633,ESL One Katowice 2018 powered by Intel,premium,201446,1
3745813369,9633,ESL One Katowice 2018 powered by Intel,premium,201428,1
3745831943,9633,ESL One Katowice 2018 powered by Intel,premium,201446,1
3746810544,9633,ESL One Katowice 2018 powered by Intel,premium,201601,1
3746813031,9633,ESL One Katowice 2018 powered by Intel,premium,201602,1
3746893613,9633,ESL One Katowice 2018 powered by Intel,premium,201601,1
3746945388,9633,ESL One Katowice 2018 powered by Intel,premium,201602,1
3747006714,9633,ESL One Katowice 2018 powered by Intel,premium,201629,1
3747041770,9633,ESL One Katowice 2018 powered by Intel,premium,201602,1
3747126700,9633,ESL One Katowice 2018 powered by Intel,premium,201629,1
3747183006,9633,ESL One Katowice 2018 powered by Intel,premium,201662,1
3747238582,9633,ESL One Katowice 2018 powered by Intel,premium,201670,1
3747320300,9633,ESL One Katowice 2018 powered by Intel,premium,201662,1
3747355056,9633,ESL One Katowice 2018 powered by Intel,premium,201670,1
3747471332,9633,ESL One Katowice 2018 powered by Intel,premium,201670,1
3748753530,9633,ESL One Katowice 2018 powered by Intel,premium,201929,1
3748838786,9633,ESL One Katowice 2018 powered by Intel,premium,201929,1
3748928380,9633,ESL One Katowice 2018 powered by Intel,premium,201965,1
3749024236,9633,ESL One Katowice 2018 powered by Intel,premium,201965,1
3749130082,9633,ESL One Katowice 2018 powered by Intel,premium,201965,1
3750244771,9633,ESL One Katowice 2018 powered by Intel,premium,202204,1
3750343882,9633,ESL One Katowice 2018 powered by Intel,premium,202204,1
3750461499,9633,ESL One Katowice 2018 powered by Intel,premium,202204,1
3750736836,9633,ESL One Katowice 2018 powered by Intel,premium,202314,1
3750844055,9633,ESL One Katowice 2018 powered by Intel,premium,202314,1
3750946886,9633,ESL One Katowice 2018 powered by Intel,premium,202314,1
3751104948,9633,ESL One Katowice 2018 powered by Intel,premium,202420,1
3751180345,9633,ESL One Katowice 2018 powered by Intel,premium,202420,1
3752068728,9633,ESL One Katowice 2018 powered by Intel,premium,202615,1
3752174849,9633,ESL One Katowice 2018 powered by Intel,premium,202615,1
3752273869,9633,ESL One Katowice 2018 powered by Intel,premium,202615,1
3752505318,9633,ESL One Katowice 2018 powered by Intel,premium,202697,2
3752602284,9633,ESL One Katowice 2018 powered by Intel,premium,202697,2
3752683273,9633,ESL One Katowice 2018 powered by Intel,premium,202697,2
3752758474,9633,ESL One Katowice 2018 powered by Intel,premium,202697,2
3763492629,9584,PGL BUCHAREST MAJOR 2018,premium,0,0
3763575506,9584,PGL BUCHAREST MAJOR 2018,premium,0,0
3763711443,9584,PGL BUCHAREST MAJOR 2018,premium,0,0
3763798613,9584,PGL BUCHAREST MAJOR 2018,premium,0,0
3763905209,9584,PGL BUCHAREST MAJOR 2018,premium,0,0
3764049023,9584,PGL BUCHAREST MAJOR 2018,premium,0,0
3764167820,9584,PGL BUCHAREST MAJOR 2018,premium,0,0
3764298763,9584,PGL BUCHAREST MAJOR 2018,premium,0,0
3765204718,9584,PGL BUCHAREST MAJOR 2018,premium,0,0
3765289061,9584,PGL BUCHAREST MAJOR 2018,premium,0,0
3765370823,9584,PGL BUCHAREST MAJOR 2018,premium,0,0
3765492612,9584,PGL BUCHAREST MAJOR 2018,premium,0,0
3765600224,9584,PGL BUCHAREST MAJOR 2018,premium,0,0
3765708885,9584,PGL BUCHAREST MAJOR 2018,premium,0,0
3765833999,9584,PGL BUCHAREST MAJOR 2018,premium,0,0
3765946065,9584,PGL BUCHAREST MAJOR 2018,premium,0,0
3766681094,9584,PGL BUCHAREST MAJOR 2018,premium,0,0
3766752458,9584,PGL BUCHAREST MAJOR 2018,premium,0,0
3766823904,9584,PGL BUCHAREST MAJOR 2018,premium,0,0
3766915400,9584,PGL BUCHAREST MAJOR 2018,premium,0,0
3767025456,9584,PGL BUCHAREST MAJOR 2018,premium,0,0
3767136890,9584,PGL BUCHAREST MAJOR 2018,premium,0,0
3767287818,9584,PGL BUCHAREST MAJOR 2018,premium,0,0
3767358224,9584,PGL BUCHAREST MAJOR 2018,premium,0,0
3768183941,9584,PGL BUCHAREST MAJOR 2018,premium,0,0
3768245969,9584,PGL BUCHAREST MAJOR 2018,premium,0,0
3768329633,9584,PGL BUCHAREST MAJOR 2018,premium,0,0
3768435440,9584,PGL BUCHAREST MAJOR 2018,premium,0,0
3768548189,9584,PGL BUCHAREST MAJOR 2018,premium,0,0
3768665017,9584,PGL BUCHAREST MAJOR 2018,premium,0,0
3768860674,9584,PGL BUCHAREST MAJOR 2018,premium,0,0
3768972838,9584,PGL BUCHAREST MAJOR 2018,premium,0,0
3769072510,9584,PGL BUCHAREST MAJOR 2018,premium,0,0
3771606255,9584,PGL BUCHAREST MAJOR 2018,premium,205546,1
3771700231,9584,PGL BUCHAREST MAJOR 2018,premium,205546,1
3771806416,9584,PGL BUCHAREST MAJOR 2018,premium,205546,1
3771946947,9584,PGL BUCHAREST MAJOR 2018,premium,205596,1
3772078989,9584,PGL BUCHAREST MAJOR 2018,premium,205596,1
3772237673,9584,PGL BUCHAREST MAJOR 2018,premium,205649,1
3772339381,9584,PGL BUCHAREST MAJOR 2018,premium,205672,1
3772435351,9584,PGL BUCHAREST MAJOR 2018,premium,205672,1
3773436674,9584,PGL BUCHAREST MAJOR 2018,premium,205824,1
3773545008,9584,PGL BUCHAREST MAJOR 2018,premium,205824,1
3773664713,9584,PGL BUCHAREST MAJOR 2018,premium,205859,1
3773771562,9584,PGL BUCHAREST MAJOR 2018,premium,205859,1
3773950827,9584,PGL BUCHAREST MAJOR 2018,premium,205905,1
3774083100,9584,PGL BUCHAREST MAJOR 2018,premium,205905,1
3774178327,9584,PGL BUCHAREST MAJOR 2018,premium,205905,1
3775730294,9584,PGL BUCHAREST MAJOR 2018,premium,206200,2
3775825168,9584,PGL BUCHAREST MAJOR 2018,premium,206200,2
3775933971,9584,PGL BUCHAREST MAJOR 2018,premium,206200,2
3781456589,9662,GESC: Indonesia,premium,0,0
3781496374,9662,GESC: Indonesia,premium,0,0
3781569096,9662,GESC: Indonesia,premium,0,0
3781636310,9662,GESC: Indonesia,premium,0,0
3781706342,9662,GESC: Indonesia,premium,207014,1
3781777845,9662,GESC: Indonesia,premium,207014,1
3781854643,9662,GESC: Indonesia,premium,207025,1
3781943140,9662,GESC: Indonesia,premium,207025,1
3782034378,9662,GESC: Indonesia,premium,207025,1
3783051055,9662,GESC: Indonesia,premium,207208,1
3783090410,9662,GESC: Indonesia,premium,207208,1
3783144649,9662,GESC: Indonesia,premium,207224,1
3783207155,9662,GESC: Indonesia,premium,207224,1
3783282607,9662,GESC: Indonesia,premium,207224,1
3783381318,9662,GESC: Indonesia,premium,0,0
3783480887,9662,GESC: Indonesia,premium,0,0
3784916640,9662,GESC: Indonesia,premium,0,0
3785089541,9662,GESC: Indonesia,premium,0,0
3785291298,9662,GESC: Indonesia,premium,207556,1
3785462740,9662,GESC: Indonesia,premium,207556,1
3785554522,9662,GESC: Indonesia,premium,207556,1
3785816471,9662,GESC: Indonesia,premium,207661,1
3785951130,9662,GESC: Indonesia,premium,207661,1
3786106535,9662,GESC: Indonesia,premium,207661,1
3786958899,9662,GESC: Indonesia,premium,207885,1
3787058134,9662,GESC: Indonesia,premium,207885,1
3787212636,9662,GESC: Indonesia,premium,207917,1
3787365356,9662,GESC: Indonesia,premium,207917,1
3787477054,9662,GESC: Indonesia,premium,207917,1
3787689572,9662,GESC: Indonesia,premium,207973,1
3787793545,9662,GESC: Indonesia,premium,207973,1
3792361808,9683,Corsair DreamLeague season 9,premium,208660,1
3792442906,9683,Corsair DreamLeague season 9,premium,208660,1
3792551699,9683,Corsair DreamLeague season 9,premium,208677,1
3792653077,9683,Corsair DreamLeague season 9,premium,208677,1
3792813426,9683,Corsair DreamLeague season 9,premium,208718,1
3792899771,9683,Corsair DreamLeague season 9,premium,208718,1
3793030149,9683,Corsair DreamLeague season 9,premium,208746,1
3793135633,9683,Corsair DreamLeague season 9,premium,208746,1
3793936123,9683,Corsair DreamLeague season 9,premium,208891,1
3794026128,9683,Corsair DreamLeague season 9,premium,208891,1
3794109188,9683,Corsair DreamLeague season 9,premium,208891,1
3794215242,9683,Corsair DreamLeague season 9,premium,208924,1
3794315872,9683,Corsair DreamLeague season 9,premium,208924,1
3794444729,9683,Corsair DreamLeague season 9,premium,208964,1
3794537388,9683,Corsair DreamLeague season 9,premium,208964,1
3794599724,9683,Corsair DreamLeague season 9,premium,208964,1
3794721842,9683,Corsair DreamLeague season 9,premium,209045,1
3794784138,9683,Corsair DreamLeague season 9,premium,209045,1
3795753791,9683,Corsair DreamLeague season 9,premium,209227,1
3795857405,9683,Corsair DreamLeague season 9,premium,209227,1
3796013772,9683,Corsair DreamLeague season 9,premium,209250,1
3796128008,9683,Corsair DreamLeague season 9,premium,209250,1
3796268587,9683,Corsair DreamLeague season 9,premium,209295,1
3796359654,9683,Corsair DreamLeague season 9,premium,209295,1
3797616005,9683,Corsair DreamLeague season 9,premium,209521,1
3797779580,9683,Corsair DreamLeague season 9,premium,209521,1
3797921919,9683,Corsair DreamLeague season 9,premium,209521,1
3798116566,9683,Corsair DreamLeague season 9,premium,209624,1
3798272648,9683,Corsair DreamLeague season 9,premium,209624,1
3799869808,9683,Corsair DreamLeague season 9,premium,209939,1
3799989013,9683,Corsair DreamLeague season 9,premium,209963,2
3800120344,9683,Corsair DreamLeague season 9,premium,209963,2
3805102807,9643,Dota 2 Asia Championships 2018,premium,0,0
3805108868,9643,Dota 2 Asia Championships 2018,premium,0,0
3805168942,9643,Dota 2 Asia Championships 2018,premium,0,0
3805169331,9643,Dota 2 Asia Championships 2018,premium,0,0
3805223928,9643,Dota 2 Asia Championships 2018,premium,0,0
3805240127,9643,Dota 2 Asia Championships 2018,premium,0,0
3805293296,9643,Dota 2 Asia Championships 2018,premium,0,0
3805324477,9643,Dota 2 Asia Championships 2018,premium,0,0
3805358214,9643,Dota 2 Asia Championships 2018,premium,0,0
3805388478,9643,Dota 2 Asia Championships 2018,premium,0,0
3805446809,9643,Dota 2 Asia Championships 2018,premium,0,0
3805456168,9643,Dota 2 Asia Championships 2018,premium,0,0
3805522795,9643,Dota 2 Asia Championships 2018,premium,0,0
3805545412,9643,Dota 2 Asia Championships 2018,premium,0,0
3805613071,9643,Dota 2 Asia Championships 2018,premium,0,0
3805633343,9643,Dota 2 Asia Championships 2018,premium,0,0
3806744443,9643,Dota 2 Asia Championships 2018,premium,0,0
3806747614,9643,Dota 2 Asia Championships 2018,premium,0,0
3806807387,9643,Dota 2 Asia Championships 2018,premium,0,0
3806807674,9643,Dota 2 Asia Championships 2018,premium,0,0
3806873564,9643,Dota 2 Asia Championships 2018,premium,0,0
3806880107,9643,Dota 2 Asia Championships 2018,premium,0,0
3806929208,9643,Dota 2 Asia Championships 2018,premium,0,0
3806938549,9643,Dota 2 Asia Championships 2018,premium,0,0
3806993715,9643,Dota 2 Asia Championships 2018,premium,0,0
3807025985,9643,Dota 2 Asia Championships 2018,premium,0,0
3807067611,9643,Dota 2 Asia Championships 2018,premium,0,0
3807110470,9643,Dota 2 Asia Championships 2018,premium,0,0
3807137726,9643,Dota 2 Asia Championships 2018,premium,0,0
3807181073,9643,Dota 2 Asia Championships 2018,premium,0,0
3807257804,9643,Dota 2 Asia Championships 2018,premium,0,0
3807259050,9643,Dota 2 Asia Championships 2018,premium,0,0
3808518879,9643,Dota 2 Asia Championships 2018,premium,0,0
3808519940,9643,Dota 2 Asia Championships 2018,premium,0,0
3808586208,9643,Dota 2 Asia Championships 2018,premium,0,0
3808588717,9643,Dota 2 Asia Championships 2018,premium,0,0
3808649092,9643,Dota 2 Asia Championships 2018,premium,0,0
3808671269,9643,Dota 2 Asia Championships 2018,premium,0,0
3808730315,9643,Dota 2 Asia Championships 2018,premium,0,0
3808749687,9643,Dota 2 Asia Championships 2018,premium,0,0
3808804800,9643,Dota 2 Asia Championships 2018,premium,0,0
3808843431,9643,Dota 2 Asia Championships 2018,premium,0,0
3808894481,9643,Dota 2 Asia Championships 2018,premium,0,0
3808944568,9643,Dota 2 Asia Championships 2018,premium,0,0
3808965597,9643,Dota 2 Asia Championships 2018,premium,0,0
3809038898,9643,Dota 2 Asia Championships 2018,premium,0,0
3809062947,9643,Dota 2 Asia Championships 2018,premium,0,0
3809120660,9643,Dota 2 Asia Championships 2018,premium,0,0
3810441732,9643,Dota 2 Asia Championships 2018,premium,0,0
3810442630,9643,Dota 2 Asia Championships 2018,premium,0,0
3810503944,9643,Dota 2 Asia Championships 2018,premium,0,0
3810509929,9643,Dota 2 Asia Championships 2018,premium,0,0
3810591728,9643,Dota 2 Asia Championships 2018,premium,0,0
3810598478,9643,Dota 2 Asia Championships 2018,premium,0,0
3810667407,9643,Dota 2 Asia Championships 2018,premium,0,0
3810690114,9643,Dota 2 Asia Championships 2018,premium,0,0
3810797045,9643,Dota 2 Asia Championships 2018,premium,0,0
3810816945,9643,Dota 2 Asia Championships 2018,premium,0,0
3810913865,9643,Dota 2 Asia Championships 2018,premium,0,0
3810920238,9643,Dota 2 Asia Championships 2018,premium,0,0
3811019779,9643,Dota 2 Asia Championships 2018,premium,0,0
3811024255,9643,Dota 2 Asia Championships 2018,premium,0,0
3811138840,9643,Dota 2 Asia Championships 2018,premium,0,0
3811141827,9643,Dota 2 Asia Championships 2018,premium,0,0
3811269198,9643,Dota 2 Asia Championships 2018,premium,0,0
3811272637,9643,Dota 2 Asia Championships 2018,premium,0,0
3811395746,9643,Dota 2 Asia Championships 2018,premium,0,0
3813737784,9643,Dota 2 Asia Championships 2018,premium,212092,1
3813773851,9643,Dota 2 Asia Championships 2018,premium,212092,1
3813829086,9643,Dota 2 Asia Championships 2018,premium,212100,1
3813872197,9643,Dota 2 Asia Championships 2018,premium,212100,1
3813952666,9643,Dota 2 Asia Championships 2018,premium,212116,1
3814007675,9643,Dota 2 Asia Championships 2018,premium,212116,1
3814099333,9643,Dota 2 Asia Championships 2018,premium,212127,1
3814189609,9643,Dota 2 Asia Championships 2018,premium,212127,1
3815208445,9643,Dota 2 Asia Championships 2018,premium,212269,1
3815256950,9643,Dota 2 Asia Championships 2018,premium,212269,1
3815318822,9643,Dota 2 Asia Championships 2018,premium,212279,1
3815378585,9643,Dota 2 Asia Championships 2018,premium,212279,1
3815445061,9643,Dota 2 Asia Championships 2018,premium,212284,1
3815509528,9643,Dota 2 Asia Championships 2018,premium,212284,1
3815594091,9643,Dota 2 Asia Championships 2018,premium,212287,1
3815664057,9643,Dota 2 Asia Championships 2018,premium,212287,1
3815751099,9643,Dota 2 Asia Championships 2018,premium,212287,1
3816709362,9643,Dota 2 Asia Championships 2018,premium,0,0
3816766153,9643,Dota 2 Asia Championships 2018,premium,0,0
3816848333,9643,Dota 2 Asia Championships 2018,premium,212455,1
3816899525,9643,Dota 2 Asia Championships 2018,premium,212455,1
3816957355,9643,Dota 2 Asia Championships 2018,premium,212455,1
3817043405,9643,Dota 2 Asia Championships 2018,premium,212461,1
3817139322,9643,Dota 2 Asia Championships 2018,premium,212461,1
3817246912,9643,Dota 2 Asia Championships 2018,premium,212461,1
3818333792,9643,Dota 2 Asia Championships 2018,premium,0,0
3818397105,9643,Dota 2 Asia Championships 2018,premium,0,0
3818469890,9643,Dota 2 Asia Championships 2018,premium,212657,1
3818518023,9643,Dota 2 Asia Championships 2018,premium,212657,1
3818623346,9643,Dota 2 Asia Championships 2018,premium,212665,1
3818707653,9643,Dota 2 Asia Championships 2018,premium,212665,1
3818797818,9643,Dota 2 Asia Championships 2018,premium,212665,1
3820058665,9643,Dota 2 Asia Championships 2018,premium,212865,1
3820112359,9643,Dota 2 Asia Championships 2018,premium,212865,1
3820170555,9643,Dota 2 Asia Championships 2018,premium,212865,1
3820341307,9643,Dota 2 Asia Championships 2018,premium,212891,2
3820410022,9643,Dota 2 Asia Championships 2018,premium,212891,2
3820507353,9643,Dota 2 Asia Championships 2018,premium,212891,2
3820592361,9643,Dota 2 Asia Championships 2018,premium,212891,2
3820686389,9643,Dota 2 Asia Championships 2018,premium,212891,2
3828770018,9908,StarLadder ImbaTV Invitational Season 5,premium,214003,1
3828904099.0,9908.0,,,214003.0,1.0
3828974488,9908,StarLadder ImbaTV Invitational Season 5,premium,214003,1
3829119614,9908,StarLadder ImbaTV Invitational Season 5,premium,214032,1
3829231416,9908,StarLadder ImbaTV Invitational Season 5,premium,214032,1
3829376689,9908,StarLadder ImbaTV Invitational Season 5,premium,214032,1
3829506426,9908,StarLadder ImbaTV Invitational Season 5,premium,214067,1
3829564146,9908,StarLadder ImbaTV Invitational Season 5,premium,214067,1
3830307665,9908,StarLadder ImbaTV Invitational Season 5,premium,214176,1
3830446119,9908,StarLadder ImbaTV Invitational Season 5,premium,214176,1
3830552431,9908,StarLadder ImbaTV Invitational Season 5,premium,214176,1
3830762107,9908,StarLadder ImbaTV Invitational Season 5,premium,214234,1
3830902400,9908,StarLadder ImbaTV Invitational Season 5,premium,214234,1
3831006834,9908,StarLadder ImbaTV Invitational Season 5,premium,214234,1
3831145338,9908,StarLadder ImbaTV Invitational Season 5,premium,214291,1
3831243271,9908,StarLadder ImbaTV Invitational Season 5,premium,214291,1
3831900465,9908,StarLadder ImbaTV Invitational Season 5,premium,214377,1
3832019039.0,9908.0,,,214377.0,1.0
3832128441,9908,StarLadder ImbaTV Invitational Season 5,premium,214377,1
3832266067,9908,StarLadder ImbaTV Invitational Season 5,premium,214426,1
3832355063,9908,StarLadder ImbaTV Invitational Season 5,premium,214426,1
3832546445,9908,StarLadder ImbaTV Invitational Season 5,premium,214456,1
3832724862,9908,StarLadder ImbaTV Invitational Season 5,premium,214456,1
3832863060,9908,StarLadder ImbaTV Invitational Season 5,premium,214527,1
3832989883,9908,StarLadder ImbaTV Invitational Season 5,premium,214527,1
3833080676,9908,StarLadder ImbaTV Invitational Season 5,premium,214527,1
3834007564,9908,StarLadder ImbaTV Invitational Season 5,premium,214661,1
3834092818,9908,StarLadder ImbaTV Invitational Season 5,premium,214661,1
3834233074,9908,StarLadder ImbaTV Invitational Season 5,premium,214688,1
3834408289,9908,StarLadder ImbaTV Invitational Season 5,premium,214688,1
3834511370,9908,StarLadder ImbaTV Invitational Season 5,premium,214688,1
3834655304,9908,StarLadder ImbaTV Invitational Season 5,premium,214758,2
3834797908,9908,StarLadder ImbaTV Invitational Season 5,premium,214758,2
3834893237,9908,StarLadder ImbaTV Invitational Season 5,premium,214758,2
3834963072,9908,StarLadder ImbaTV Invitational Season 5,premium,214758,2
3853663055,9601,EPICENTER XL,premium,217197,1
3853738369,9601,EPICENTER XL,premium,217197,1
3853781987,9601,EPICENTER XL,premium,217197,1
3854315649,9601,EPICENTER XL,premium,217288,1
3854408440,9601,EPICENTER XL,premium,217288,1
3854498593,9601,EPICENTER XL,premium,217288,1
3854613702,9601,EPICENTER XL,premium,217307,1
3854704857,9601,EPICENTER XL,premium,217307,1
3854810418,9601,EPICENTER XL,premium,217333,1
3854928326,9601,EPICENTER XL,premium,217351,1
3855045406,9601,EPICENTER XL,premium,217351,1
3855126038,9601,EPICENTER XL,premium,217372,1
3855201180,9601,EPICENTER XL,premium,217372,1
3855211981,9601,EPICENTER XL,premium,217385,1
3855322538,9601,EPICENTER XL,premium,217385,1
3856109320,9601,EPICENTER XL,premium,217466,1
3856210369,9601,EPICENTER XL,premium,217466,1
3856317902,9601,EPICENTER XL,premium,217466,1
3856371600,9601,EPICENTER XL,premium,217509,1
3856441285,9601,EPICENTER XL,premium,217523,1
3856476310,9601,EPICENTER XL,premium,217509,1
3856540185,9601,EPICENTER XL,premium,217523,1
3856618664,9601,EPICENTER XL,premium,217543,1
3856657225,9601,EPICENTER XL,premium,217523,1
3856784059,9601,EPICENTER XL,premium,217543,1
3856785633,9601,EPICENTER XL,premium,176847,1
3856880792,9601,EPICENTER XL,premium,176847,1
3856978772,9601,EPICENTER XL,premium,176847,1
3857133774,9601,EPICENTER XL,premium,217592,1
3857223519,9601,EPICENTER XL,premium,217592,1
3857361495,9601,EPICENTER XL,premium,217592,1
3857948369,9601,EPICENTER XL,premium,217682,1
3858047503,9601,EPICENTER XL,premium,217682,1
3858123895,9601,EPICENTER XL,premium,217692,1
3858133933,9601,EPICENTER XL,premium,217682,1
3858218113,9601,EPICENTER XL,premium,217692,1
3858222095,9601,EPICENTER XL,premium,217697,1
3858316713,9601,EPICENTER XL,premium,217709,1
3858341244,9601,EPICENTER XL,premium,217697,1
3858438387,9601,EPICENTER XL,premium,217709,1
3858449839,9601,EPICENTER XL,premium,217697,1
3858543045,9601,EPICENTER XL,premium,217709,1
3858598169,9601,EPICENTER XL,premium,217730,1
3858746706,9601,EPICENTER XL,premium,217730,1
3858902133,9601,EPICENTER XL,premium,217730,1
3859017359,9601,EPICENTER XL,premium,217774,1
3859112825,9601,EPICENTER XL,premium,217774,1
3859208891,9601,EPICENTER XL,premium,217774,1
3859911502,9601,EPICENTER XL,premium,217871,1
3860041559,9601,EPICENTER XL,premium,217871,1
3860181472,9601,EPICENTER XL,premium,217884,1
3860228898,9601,EPICENTER XL,premium,217888,1
3860298305,9601,EPICENTER XL,premium,217884,1
3860355983,9601,EPICENTER XL,premium,217888,1
3860434033,9601,EPICENTER XL,premium,217902,1
3860516530,9601,EPICENTER XL,premium,217906,1
3860563545,9601,EPICENTER XL,premium,217902,1
3860626926,9601,EPICENTER XL,premium,217906,1
3860676988,9601,EPICENTER XL,premium,217902,1
3860917809,9601,EPICENTER XL,premium,217937,1
3861026687,9601,EPICENTER XL,premium,217937,1
3861782528,9601,EPICENTER XL,premium,218026,1
3861849410,9601,EPICENTER XL,premium,218026,1
3861958084,9601,EPICENTER XL,premium,218026,1
3862035677,9601,EPICENTER XL,premium,218040,1
3862104329,9601,EPICENTER XL,premium,218042,1
3862135578,9601,EPICENTER XL,premium,218040,1
3862218492,9601,EPICENTER XL,premium,218042,1
3862262314,9601,EPICENTER XL,premium,218040,1
3862347259,9601,EPICENTER XL,premium,218055,1
3862410871,9601,EPICENTER XL,premium,218058,1
3862476678,9601,EPICENTER XL,premium,218055,1
3862555760,9601,EPICENTER XL,premium,218058,1
3862603578,9601,EPICENTER XL,premium,218075,1
3862694365,9601,EPICENTER XL,premium,218075,1
3865436538,9601,EPICENTER XL,premium,0,0
3865542373,9601,EPICENTER XL,premium,0,0
3865715133,9601,EPICENTER XL,premium,218368,1
3865875641,9601,EPICENTER XL,premium,218368,1
3866060233,9601,EPICENTER XL,premium,218386,1
3866190562,9601,EPICENTER XL,premium,218386,1
3866278803,9601,EPICENTER XL,premium,218386,1
3867448152,9601,EPICENTER XL,premium,0,0
3867646351,9601,EPICENTER XL,premium,0,0
3867862633,9601,EPICENTER XL,premium,218550,1
3868032433,9601,EPICENTER XL,premium,218550,1
3868240894,9601,EPICENTER XL,premium,218590,1
3868388262,9601,EPICENTER XL,premium,218590,1
3869862804,9601,EPICENTER XL,premium,218727,1
3870010503,9601,EPICENTER XL,premium,218727,1
3870156798,9601,EPICENTER XL,premium,218727,1
3870453145,9601,EPICENTER XL,premium,218762,1
3870602242,9601,EPICENTER XL,premium,218782,2
3870720136,9601,EPICENTER XL,premium,218782,2
3870838763,9601,EPICENTER XL,premium,218782,2
3875927432,9663,GESC: Thailand,premium,0,0
3875992958,9663,GESC: Thailand,premium,0,0
3875993264,9663,GESC: Thailand,premium,0,0
3876072976,9663,GESC: Thailand,premium,0,0
3876073925,9663,GESC: Thailand,premium,0,0
3876175039,9663,GESC: Thailand,premium,0,0
3876216637,9663,GESC: Thailand,premium,0,0
3876303199,9663,GESC: Thailand,premium,0,0
3876357054,9663,GESC: Thailand,premium,0,0
3876379841,9663,GESC: Thailand,premium,0,0
3876473522,9663,GESC: Thailand,premium,0,0
3876477098,9663,GESC: Thailand,premium,0,0
3876625338,9663,GESC: Thailand,premium,0,0
3876700964,9663,GESC: Thailand,premium,0,0
3876799364,9663,GESC: Thailand,premium,0,0
3878216001,9663,GESC: Thailand,premium,0,0
3878219320,9663,GESC: Thailand,premium,0,0
3878292868,9663,GESC: Thailand,premium,0,0
3878299774,9663,GESC: Thailand,premium,0,0
3878400949,9663,GESC: Thailand,premium,0,0
3878402373,9663,GESC: Thailand,premium,0,0
3878503547,9663,GESC: Thailand,premium,0,0
3878505320,9663,GESC: Thailand,premium,0,0
3878628302,9663,GESC: Thailand,premium,0,0
3878630905,9663,GESC: Thailand,premium,0,0
3878728704,9663,GESC: Thailand,premium,0,0
3878823750,9663,GESC: Thailand,premium,0,0
3880844514,9663,GESC: Thailand,premium,0,0
3880950513,9663,GESC: Thailand,premium,219649,1
3881057421,9663,GESC: Thailand,premium,219649,1
3881230848,9663,GESC: Thailand,premium,219662,1
3881375246,9663,GESC: Thailand,premium,219662,1
3881561712,9663,GESC: Thailand,premium,219662,1
3883220784,9663,GESC: Thailand,premium,219786,1
3883347356,9663,GESC: Thailand,premium,219786,1
3883462744,9663,GESC: Thailand,premium,219786,1
3883657400,9663,GESC: Thailand,premium,219802,1
3883770492,9663,GESC: Thailand,premium,219802,1
3884052012,9663,GESC: Thailand,premium,219828,1
3884218559,9663,GESC: Thailand,premium,219828,1
3888578614,9862,MDL Changsha,premium,220215,1
3888582250,9862,MDL Changsha,premium,220216,1
3888583323,9862,MDL Changsha,premium,220217,1
3888633383,9862,MDL Changsha,premium,220217,1
3888646761,9862,MDL Changsha,premium,220215,1
3888666303,9862,MDL Changsha,premium,220216,1
3888710999,9862,MDL Changsha,premium,220232,1
3888711624,9862,MDL Changsha,premium,220233,1
3888767050,9862,MDL Changsha,premium,220237,1
3888781364,9862,MDL Changsha,premium,220232,1
3888816314,9862,MDL Changsha,premium,220233,1
3888855626,9862,MDL Changsha,premium,220247,1
3888874291,9862,MDL Changsha,premium,220248,1
3888897233,9862,MDL Changsha,premium,220251,1
3888974246,9862,MDL Changsha,premium,220248,1
3888981415,9862,MDL Changsha,premium,220251,1
3889008004,9862,MDL Changsha,premium,220255,1
3889067271,9862,MDL Changsha,premium,220257,1
3889095712,9862,MDL Changsha,premium,220260,1
3889125363,9862,MDL Changsha,premium,220265,1
3889172765,9862,MDL Changsha,premium,220268,1
3889219951,9862,MDL Changsha,premium,220260,1
3889299301,9862,MDL Changsha,premium,220285,1
3889323628,9862,MDL Changsha,premium,220287,1
3889358128,9862,MDL Changsha,premium,220293,1
3889421559,9862,MDL Changsha,premium,220285,1
3889445646,9862,MDL Changsha,premium,220287,1
3889448283,9862,MDL Changsha,premium,220293,1
3889571850,9862,MDL Changsha,premium,220304,1
3889772161,9862,MDL Changsha,premium,220304,1
3890827984,9862,MDL Changsha,premium,220388,1
3890836890,9862,MDL Changsha,premium,0,0
3890837233,9862,MDL Changsha,premium,220392,1
3890889267,9862,MDL Changsha,premium,220396,1
3890907673,9862,MDL Changsha,premium,220392,1
3890914266,9862,MDL Changsha,premium,220388,1
3890976184,9862,MDL Changsha,premium,220398,1
3891013861,9862,MDL Changsha,premium,220401,1
3891024973,9862,MDL Changsha,premium,220402,1
3891064693,9862,MDL Changsha,premium,220398,1
3891085673,9862,MDL Changsha,premium,220401,1
3891117294,9862,MDL Changsha,premium,220402,1
3891154355,9862,MDL Changsha,premium,220404,1
3891198578,9862,MDL Changsha,premium,220406,1
3891216019,9862,MDL Changsha,premium,220404,1
3891255300,9862,MDL Changsha,premium,220408,1
3891287696,9862,MDL Changsha,premium,220406,1
3891341830,9862,MDL Changsha,premium,220413,1
3891349796,9862,MDL Changsha,premium,220408,1
3891386864,9862,MDL Changsha,premium,220414,1
3891428412,9862,MDL Changsha,premium,220413,1
3891483725,9862,MDL Changsha,premium,220418,1
3891494975,9862,MDL Changsha,premium,220414,1
3891541020,9862,MDL Changsha,premium,220424,1
3891589237,9862,MDL Changsha,premium,220418,1
3891640110,9862,MDL Changsha,premium,220428,1
3891663985,9862,MDL Changsha,premium,220424,1
3891750360,9862,MDL Changsha,premium,220428,1
3891767458,9862,MDL Changsha,premium,220430,1
3891925312,9862,MDL Changsha,premium,220430,1
3893059114,9862,MDL Changsha,premium,220533,1
3893117690,9862,MDL Changsha,premium,220533,1
3893222060,9862,MDL Changsha,premium,220542,1
3893314987,9862,MDL Changsha,premium,220542,1
3893448698,9862,MDL Changsha,premium,220552,1
3893538521,9862,MDL Changsha,premium,220552,1
3893641241,9862,MDL Changsha,premium,220552,1
3893763347,5504,2017 Mars Dota 2 League,professional,220568,1
3893895473,5504,2017 Mars Dota 2 League,professional,220568,1
3894049655,5504,2017 Mars Dota 2 League,professional,220568,1
3897647670,9862,MDL Changsha,premium,0,0
3897828395,9862,MDL Changsha,premium,0,0
3898052688,9862,MDL Changsha,premium,220824,1
3898179475,9862,MDL Changsha,premium,220824,1
3898369901,9862,MDL Changsha,premium,220841,1
3898537635,9862,MDL Changsha,premium,220841,1
3898771485,9862,MDL Changsha,premium,220841,1
3899640601,9862,MDL Changsha,premium,220926,1
3899726029,9862,MDL Changsha,premium,220926,1
3899867571,9862,MDL Changsha,premium,220947,1
3899984103,9862,MDL Changsha,premium,220947,1
3900169897,9862,MDL Changsha,premium,220971,1
3900280991,9862,MDL Changsha,premium,220971,1
3900489066,9862,MDL Changsha,premium,221007,1
3900655955,9862,MDL Changsha,premium,221007,1
3902374443,9862,MDL Changsha,premium,221181,1
3902498542,9862,MDL Changsha,premium,221181,1
3902849890,9862,MDL Changsha,premium,221223,2
3902979731,9862,MDL Changsha,premium,221223,2
3903099199,9862,MDL Changsha,premium,221223,2
3908954812,9880,ESL One Birmingham 2018 powered by Intel,premium,0,0
3908965592,9880,ESL One Birmingham 2018 powered by Intel,premium,0,0
3909047737,9880,ESL One Birmingham 2018 powered by Intel,premium,0,0
3909090113,9880,ESL One Birmingham 2018 powered by Intel,premium,0,0
3909169351,9880,ESL One Birmingham 2018 powered by Intel,premium,0,0
3909251237,9880,ESL One Birmingham 2018 powered by Intel,premium,0,0
3909327479,9880,ESL One Birmingham 2018 powered by Intel,premium,221723,1
3909391492,9880,ESL One Birmingham 2018 powered by Intel,premium,221724,1
3909460746,9880,ESL One Birmingham 2018 powered by Intel,premium,221723,1
3909514591,9880,ESL One Birmingham 2018 powered by Intel,premium,221724,1
3909634072,9880,ESL One Birmingham 2018 powered by Intel,premium,221742,1
3909654281,9880,ESL One Birmingham 2018 powered by Intel,premium,221745,1
3909733428,9880,ESL One Birmingham 2018 powered by Intel,premium,221742,1
3909760210,9880,ESL One Birmingham 2018 powered by Intel,premium,221745,1
3909837272,9880,ESL One Birmingham 2018 powered by Intel,premium,221768,1
3909857306,9880,ESL One Birmingham 2018 powered by Intel,premium,221770,1
3909907640,9880,ESL One Birmingham 2018 powered by Intel,premium,221768,1
3909951436,9880,ESL One Birmingham 2018 powered by Intel,premium,221770,1
3910005819,9880,ESL One Birmingham 2018 powered by Intel,premium,221768,1
3910028416,9880,ESL One Birmingham 2018 powered by Intel,premium,221770,1
3910845070,9880,ESL One Birmingham 2018 powered by Intel,premium,221860,1
3910845348,9880,ESL One Birmingham 2018 powered by Intel,premium,0,0
3910932361,9880,ESL One Birmingham 2018 powered by Intel,premium,0,0
3910953977,9880,ESL One Birmingham 2018 powered by Intel,premium,221860,1
3911032684,9880,ESL One Birmingham 2018 powered by Intel,premium,0,0
3911051288,9880,ESL One Birmingham 2018 powered by Intel,premium,221860,1
3911193264,9880,ESL One Birmingham 2018 powered by Intel,premium,221878,1
3911317677,9880,ESL One Birmingham 2018 powered by Intel,premium,221878,1
3911466745,9880,ESL One Birmingham 2018 powered by Intel,premium,221878,1
3911582365,9880,ESL One Birmingham 2018 powered by Intel,premium,221910,1
3911695865,9880,ESL One Birmingham 2018 powered by Intel,premium,221910,1
3913069866,9880,ESL One Birmingham 2018 powered by Intel,premium,222008,1
3913231529,9880,ESL One Birmingham 2018 powered by Intel,premium,222008,1
3913433059,9880,ESL One Birmingham 2018 powered by Intel,premium,222035,1
3913576985,9880,ESL One Birmingham 2018 powered by Intel,premium,222035,1
3913692326,9880,ESL One Birmingham 2018 powered by Intel,premium,222035,1
3915145827,9880,ESL One Birmingham 2018 powered by Intel,premium,222172,1
3915279179,9880,ESL One Birmingham 2018 powered by Intel,premium,222172,1
3915514948,9880,ESL One Birmingham 2018 powered by Intel,premium,222219,1
3915648691,9880,ESL One Birmingham 2018 powered by Intel,premium,222219,1
3915763230,9880,ESL One Birmingham 2018 powered by Intel,premium,222219,1
3917076539,9880,ESL One Birmingham 2018 powered by Intel,premium,222372,1
3917196768,9880,ESL One Birmingham 2018 powered by Intel,premium,222372,1
3917323099,9880,ESL One Birmingham 2018 powered by Intel,premium,222372,1
3917561625,9880,ESL One Birmingham 2018 powered by Intel,premium,222405,2
3917700931,9880,ESL One Birmingham 2018 powered by Intel,premium,222405,2
3917861323,9880,ESL One Birmingham 2018 powered by Intel,premium,222405,2
3927969458,9943,CHINA DOTA2 SUPER MAJOR,premium,223371,1
3927969700,9943,CHINA DOTA2 SUPER MAJOR,premium,223372,1
3927970381,9943,CHINA DOTA2 SUPER MAJOR,premium,223373,1
3927970658,9943,CHINA DOTA2 SUPER MAJOR,premium,223374,1
3928022579,9943,CHINA DOTA2 SUPER MAJOR,premium,223371,1
3928032584,9943,CHINA DOTA2 SUPER MAJOR,premium,223373,1
3928033510,9943,CHINA DOTA2 SUPER MAJOR,premium,223374,1
3928034802,9943,CHINA DOTA2 SUPER MAJOR,premium,223372,1
3928080962,9943,CHINA DOTA2 SUPER MAJOR,premium,223373,1
3928102591,9943,CHINA DOTA2 SUPER MAJOR,premium,223371,1
3928136472,9943,CHINA DOTA2 SUPER MAJOR,premium,223390,1
3928234992,9943,CHINA DOTA2 SUPER MAJOR,premium,223400,1
3928278244,9943,CHINA DOTA2 SUPER MAJOR,premium,223390,1
3928337789,9943,CHINA DOTA2 SUPER MAJOR,premium,223400,1
3928389527,9943,CHINA DOTA2 SUPER MAJOR,premium,223409,1
3928462587,9943,CHINA DOTA2 SUPER MAJOR,premium,223417,1
3928509645,9943,CHINA DOTA2 SUPER MAJOR,premium,223409,1
3928620364,9943,CHINA DOTA2 SUPER MAJOR,premium,223417,1
3928688563,9943,CHINA DOTA2 SUPER MAJOR,premium,223427,1
3928801490,9943,CHINA DOTA2 SUPER MAJOR,premium,223449,1
3928837410,9943,CHINA DOTA2 SUPER MAJOR,premium,223427,1
3928936023,9943,CHINA DOTA2 SUPER MAJOR,premium,223449,1
3929018213,9943,CHINA DOTA2 SUPER MAJOR,premium,223427,1
3930016447,9943,CHINA DOTA2 SUPER MAJOR,premium,223614,1
3930017604,9943,CHINA DOTA2 SUPER MAJOR,premium,223615,1
3930018175,9943,CHINA DOTA2 SUPER MAJOR,premium,223616,1
3930055489,9943,CHINA DOTA2 SUPER MAJOR,premium,223619,1
3930082757,9943,CHINA DOTA2 SUPER MAJOR,premium,223614,1
3930084254,9943,CHINA DOTA2 SUPER MAJOR,premium,223616,1
3930123077,9943,CHINA DOTA2 SUPER MAJOR,premium,223619,1
3930125995,9943,CHINA DOTA2 SUPER MAJOR,premium,223615,1
3930149324,9943,CHINA DOTA2 SUPER MAJOR,premium,223614,1
3930153082,9943,CHINA DOTA2 SUPER MAJOR,premium,223616,1
3930216789,9943,CHINA DOTA2 SUPER MAJOR,premium,223615,1
3930266193,9943,CHINA DOTA2 SUPER MAJOR,premium,223639,1
3930343388,9943,CHINA DOTA2 SUPER MAJOR,premium,223646,1
3930369369,9943,CHINA DOTA2 SUPER MAJOR,premium,223639,1
3930496811,9943,CHINA DOTA2 SUPER MAJOR,premium,223646,1
3930501529,9943,CHINA DOTA2 SUPER MAJOR,premium,223655,1
3930614997,9943,CHINA DOTA2 SUPER MAJOR,premium,223655,1
3930642875,9943,CHINA DOTA2 SUPER MAJOR,premium,223665,1
3930746428,9943,CHINA DOTA2 SUPER MAJOR,premium,223673,1
3930752760,9943,CHINA DOTA2 SUPER MAJOR,premium,223665,1
3930871882,9943,CHINA DOTA2 SUPER MAJOR,premium,223687,1
3930896312,9943,CHINA DOTA2 SUPER MAJOR,premium,223673,1
3930995463,9943,CHINA DOTA2 SUPER MAJOR,premium,223687,1
3931151617,9943,CHINA DOTA2 SUPER MAJOR,premium,223687,1
3932111656,9943,CHINA DOTA2 SUPER MAJOR,premium,223898,1
3932161077,9943,CHINA DOTA2 SUPER MAJOR,premium,223898,1
3932214146,9943,CHINA DOTA2 SUPER MAJOR,premium,223917,1
3932294528,9943,CHINA DOTA2 SUPER MAJOR,premium,223917,1
3932378219,9943,CHINA DOTA2 SUPER MAJOR,premium,223917,1
3932468492,9943,CHINA DOTA2 SUPER MAJOR,premium,223927,1
3932554750,9943,CHINA DOTA2 SUPER MAJOR,premium,223927,1
3932641464,9943,CHINA DOTA2 SUPER MAJOR,premium,223927,1
3932802156,9943,CHINA DOTA2 SUPER MAJOR,premium,223941,1
3932948526,9943,CHINA DOTA2 SUPER MAJOR,premium,223941,1
3933892648,9943,CHINA DOTA2 SUPER MAJOR,premium,224054,1
3933935682,9943,CHINA DOTA2 SUPER MAJOR,premium,224054,1
3933995420,9943,CHINA DOTA2 SUPER MAJOR,premium,224054,1
3934056852,9943,CHINA DOTA2 SUPER MAJOR,premium,224078,1
3934135077,9943,CHINA DOTA2 SUPER MAJOR,premium,224078,1
3934197014,9943,CHINA DOTA2 SUPER MAJOR,premium,224078,1
3934299285,9943,CHINA DOTA2 SUPER MAJOR,premium,224086,1
3934416979,9943,CHINA DOTA2 SUPER MAJOR,premium,224086,1
3934531879,9943,CHINA DOTA2 SUPER MAJOR,premium,224086,1
3934691232,9943,CHINA DOTA2 SUPER MAJOR,premium,224115,1
3934811274,9943,CHINA DOTA2 SUPER MAJOR,premium,224115,1
3935657118,9943,CHINA DOTA2 SUPER MAJOR,premium,224231,1
3935718039,9943,CHINA DOTA2 SUPER MAJOR,premium,224231,1
3935790916,9943,CHINA DOTA2 SUPER MAJOR,premium,224251,1
3935855156,9943,CHINA DOTA2 SUPER MAJOR,premium,224251,1
3935917464,9943,CHINA DOTA2 SUPER MAJOR,premium,224251,1
3936038407,9943,CHINA DOTA2 SUPER MAJOR,premium,224261,1
3936208040,9943,CHINA DOTA2 SUPER MAJOR,premium,224261,1
3936321758,9943,CHINA DOTA2 SUPER MAJOR,premium,224261,1
3936473615,9943,CHINA DOTA2 SUPER MAJOR,premium,224289,1
3936679099,9943,CHINA DOTA2 SUPER MAJOR,premium,224289,1
3937435514,9943,CHINA DOTA2 SUPER MAJOR,premium,224402,1
3937484599,9943,CHINA DOTA2 SUPER MAJOR,premium,224402,1
3937537639,9943,CHINA DOTA2 SUPER MAJOR,premium,224419,1
3937609487,9943,CHINA DOTA2 SUPER MAJOR,premium,224419,1
3937695236,9943,CHINA DOTA2 SUPER MAJOR,premium,224422,1
3937770762,9943,CHINA DOTA2 SUPER MAJOR,premium,224422,1
3937843537,9943,CHINA DOTA2 SUPER MAJOR,premium,224431,1
3937936341,9943,CHINA DOTA2 SUPER MAJOR,premium,224431,1
3941137339,9943,CHINA DOTA2 SUPER MAJOR,premium,224692,1
3941208711,9943,CHINA DOTA2 SUPER MAJOR,premium,224692,1
3941338408,9943,CHINA DOTA2 SUPER MAJOR,premium,224715,1
3941422211,9943,CHINA DOTA2 SUPER MAJOR,premium,224715,1
3941608894,9943,CHINA DOTA2 SUPER MAJOR,premium,224738,1
3941740660,9943,CHINA DOTA2 SUPER MAJOR,premium,224738,1
3941931884,9943,CHINA DOTA2 SUPER MAJOR,premium,224738,1
3942119450,9943,CHINA DOTA2 SUPER MAJOR,premium,224785,1
3942260942,9943,CHINA DOTA2 SUPER MAJOR,premium,224785,1
3943204781,9943,CHINA DOTA2 SUPER MAJOR,premium,224952,1
3943262880,9943,CHINA DOTA2 SUPER MAJOR,premium,224952,1
3943365614,9943,CHINA DOTA2 SUPER MAJOR,premium,224952,1
3943547236,9943,CHINA DOTA2 SUPER MAJOR,premium,224982,2
3943673479,9943,CHINA DOTA2 SUPER MAJOR,premium,224982,2
3943790375,9943,CHINA DOTA2 SUPER MAJOR,premium,224982,2
3943893584,9943,CHINA DOTA2 SUPER MAJOR,premium,224982,2
3943981461,9943,CHINA DOTA2 SUPER MAJOR,premium,224982,2
